chembl_id,smiles,ic50,ic50_unit,pIC50
CHEMBL210540,Cc1cc(-c2cnc(Nc3cnc(CN4CCN(C)CC4)cn3)s2)nc(OC2CCCCC2)n1,2500,nM,5.602059991
CHEMBL427045,Cc1cc(-c2cnc(Nc3ccccn3)s2)nc(OC2CCCCC2)n1,10000,nM,5
CHEMBL212049,Cc1cnc(OC2CCCCC2)nc1-c1cnc(Nc2ccccn2)s1,26,nM,7.585026652
CHEMBL424696,c1ccc(Nc2ncc(-c3ccnc(OC4CCCCC4)n3)s2)nc1,2.5,nM,8.602059991
CHEMBL258721,CC(C)c1nn(-c2c(Cl)cccc2Cl)c2nc(Cc3ccc(OCCO)cc3)[nH]c(=O)c12,9,nM,8.045757491
CHEMBL526092,CCC1CNC(=O)c2cc(-c3ccnc(N)n3)[nH]c21,73,nM,7.13667714
CHEMBL498200,Nc1nccc(-c2cc3c([nH]2)C(CCC(F)(F)F)CNC3=O)n1,395,nM,6.403402904
CHEMBL524266,Nc1nccc(-c2cc3c([nH]2)[C@@H](CCF)CNC3=O)n1,28,nM,7.552841969
CHEMBL451570,Nc1nccc(-c2cc3c([nH]2)[C@H](CCF)CNC3=O)n1,96,nM,7.017728767
CHEMBL497995,Nc1nccc(-c2cc3c([nH]2)C(C2CCC2)CNC3=O)n1,96,nM,7.017728767
CHEMBL445340,CC(C)C1CNC(=O)c2cc(-c3ccnc(N)n3)[nH]c21,73,nM,7.13667714
CHEMBL402272,Nc1nccc(-c2cc3c([nH]2)CCNC3=O)n1,29,nM,7.537602002
CHEMBL225519,O=C1NCCc2[nH]c(-c3ccncc3)cc21,34,nM,7.468521083
CHEMBL296468,CC(C)(C)c1cnc(CSc2cnc(NC(=O)C3CCNCC3)s2)o1,458,nM,6.339134522
CHEMBL524629,CC(C)(C)c1cnc(CSc2cnc(NCC3CCNCC3)s2)o1,10000,nM,5
CHEMBL495754,CC(C)(C)c1cnc(CSc2cnc(NCC3CCCCC3)s2)o1,10000,nM,5
CHEMBL496567,CC(C)(C)c1cnc(CSc2cnc(N[C@H]3CC[C@H](N)CC3)s2)o1,355,nM,6.449771647
CHEMBL496568,CC(C)(C)c1cnc(CSc2cnc(N[C@H]3CC[C@@H](N)CC3)s2)o1,10000,nM,5
CHEMBL495557,CC(C)(C)c1cnc(CSc2cnc(N[C@H]3CC[C@H](O)CC3)s2)o1,3500,nM,5.455931956
CHEMBL505474,CC(C)(C)c1cnc(CSc2cnc(NC3CCCC(N)C3)s2)o1,10000,nM,5
CHEMBL495558,CC(C)(C)c1cnc(CSc2cnc(NC3CCCC(O)C3)s2)o1,10000,nM,5
CHEMBL496785,CC(C)(C)c1cnc(CSc2cnc(NC3CCCCC3)s2)o1,10000,nM,5
CHEMBL509772,CC(C)(C)c1cnc(CSc2cnc(NC3CCNCC3)s2)o1,10000,nM,5
CHEMBL507536,CC(C)(C)c1cnc(CSc2cnc(N)s2)o1,10000,nM,5
CHEMBL510566,C[C@@H]1CNC[C@@H](C(=O)Nc2ncc(SCc3ncc(C(C)(C)C)o3)s2)C1,4100,nM,5.387216143
CHEMBL452602,C[C@@H]1CNC[C@H](C(=O)Nc2ncc(SCc3ncc(C(C)(C)C)o3)s2)C1,120,nM,6.920818754
CHEMBL452601,C[C@H]1CNC[C@H](C(=O)Nc2ncc(SCc3ncc(C(C)(C)C)o3)s2)C1,770,nM,6.113509275
CHEMBL455450,C[C@H]1CNC[C@@H](C(=O)Nc2ncc(SCc3ncc(C(C)(C)C)o3)s2)C1,3200,nM,5.494850022
CHEMBL454646,CC1CNCC(C(=O)Nc2ncc(SCc3ncc(C(C)(C)C)o3)s2)C1,270,nM,6.568636236
CHEMBL454645,CC1CCC(C(=O)Nc2ncc(SCc3ncc(C(C)(C)C)o3)s2)CN1,370,nM,6.431798276
CHEMBL508506,CC1NCCCC1C(=O)Nc1ncc(SCc2ncc(C(C)(C)C)o2)s1,1600,nM,5.795880017
CHEMBL297570,CC(C)(C)c1cnc(CSc2cnc(NC(=O)C3CCCNC3)s2)o1,550,nM,6.259637311
CHEMBL509012,CC(C)C1CC(C(=O)Nc2ncc(SCc3ncc(C(C)(C)C)o3)s2)CCN1,810,nM,6.091514981
CHEMBL455195,CCC1CC(C(=O)Nc2ncc(SCc3ncc(C(C)(C)C)o3)s2)CCN1,680,nM,6.167491087
CHEMBL455194,CC1CC(C(=O)Nc2ncc(SCc3ncc(C(C)(C)C)o3)s2)CCN1,1500,nM,5.823908741
CHEMBL428690,CN1CC[C@H](c2c(O)cc(O)c3c(=O)cc(-c4ccccc4Cl)oc23)[C@H](O)C1,20,nM,7.698970004
CHEMBL215205,Nc1n[nH]c(N)c1/N=N/c1ccc(O)cc1,350,nM,6.455931956
CHEMBL1922219,CC[C@H](Nc1nc(NCc2cccnc2)c2ncn(C(C)C)c2n1)[C@@H](C)O,107,nM,6.970616222
CHEMBL1980297,Nc1ncc(-c2cnn(CCO)c2)c2scc(-c3ccc(NC(=O)Nc4cccc(F)c4)cc3)c12,10000,nM,5
CHEMBL2035185,C1=C/COCc2cc(ccc2OCCN2CCCC2)Nc2nccc(n2)-c2ccc(o2)COC/1,36,nM,7.443697499
CHEMBL2205766,CC(C)(C)NS(=O)(=O)c1cncc(-c2ccn3nc(N)nc3c2)c1,10000,nM,5
CHEMBL2397315,Cc1nc(NC(=O)[C@@H](C)CC(F)(F)F)sc1-c1ccc(N)nc1,5300,nM,5.27572413
CHEMBL1967252,Cc1n[nH]c2ccc(-c3cccnc3)cc12,630.96,nM,6.199998172
CHEMBL189963,CC(=O)c1c(C)c2cnc(Nc3ccc(N4CCNCC4)cn3)nc2n(C2CCCC2)c1=O,794.33,nM,6.099999035
CHEMBL1965660,NC(=O)c1cc(-c2ccnc(N)n2)[nH]c1-c1ccc(Cl)cc1Cl,10,nM,8
CHEMBL3343033,COc1cc2c(Nc3ccc(NC(=O)c4ccccc4)cc3)ncnc2cc1O,30000,nM,4.522878745
CHEMBL3343034,COc1cc2c(Nc3ccc(NC(=O)c4ccccc4)cc3)nc(C)nc2cc1O,30000,nM,4.522878745
CHEMBL3343037,COc1cc2c(Nc3ccc(NC(=O)c4ccccc4)cc3)ncnc2cc1OCCO,30000,nM,4.522878745
CHEMBL3343038,COc1cc2c(Nc3ccc(NC(=O)c4ccccc4)cc3)ncnc2cc1OCC(=O)O,30000,nM,4.522878745
CHEMBL3343039,COc1cc2c(Nc3ccc(NC(=O)c4ccccc4)cc3)ncnc2cc1OCC(N)=O,30000,nM,4.522878745
CHEMBL3343040,COc1cc2c(Nc3ccc(NC(=O)c4ccccc4)cc3)nc(N)nc2cc1O,30000,nM,4.522878745
CHEMBL3343042,COc1cc2c(Nc3ccc(NC(=O)c4ccccc4)cc3)nc(NCCc3ccccn3)nc2cc1O,30000,nM,4.522878745
CHEMBL3343044,COc1cc(C(=O)Nc2ccc(NC(=O)c3ccccn3)cc2)ccc1O,30000,nM,4.522878745
CHEMBL3343045,O=C(Nc1ccc(NC(=O)c2ccccn2)cc1)c1ccc(O)c([N+](=O)[O-])c1,30000,nM,4.522878745
CHEMBL3343046,COc1cc(C(=O)Nc2ccc(NC(=O)c3ccccc3)cc2)ccc1O,30000,nM,4.522878745
CHEMBL3343047,COc1cc(C(=O)Nc2ccc(NC(=O)c3ccccc3)cc2)c(N)cc1O,30000,nM,4.522878745
CHEMBL3343048,COc1cc(C(=O)Nc2ccc(NC(=O)c3ccccc3)cc2)ccc1OCC(=O)O,30000,nM,4.522878745
CHEMBL3341771,COc1cc(C(=O)Nc2ccc(NC(=O)c3ccccn3)cc2)cc(-c2c[nH]c(=O)[nH]c2=O)c1,30000,nM,4.522878745
CHEMBL3343051,O=C(Nc1ccc(NC(=O)c2ccccn2)cc1)c1cccc(-c2c[nH]c(=O)[nH]c2=O)c1,30000,nM,4.522878745
CHEMBL3343052,COc1ccc(C(=O)Nc2ccc(NC(=O)c3ccccn3)cc2)cc1-c1c[nH]c(=O)[nH]c1=O,30000,nM,4.522878745
CHEMBL3343055,COc1cc(C(=O)Nc2ccc(NC(=O)c3ccccn3)cc2)cc(N2CCC(=O)NC2=O)c1,30000,nM,4.522878745
CHEMBL3343057,COc1cc(C(=O)Nc2ccc(NC(=O)C3CCCCN3)cc2)cc(-c2c[nH]c(=O)[nH]c2=O)c1,30000,nM,4.522878745
CHEMBL3343058,CCNC(=O)Nc1ccc(NC(=O)c2cc(OC)cc(-c3c[nH]c(=O)[nH]c3=O)c2)cc1,30000,nM,4.522878745
CHEMBL3589660,O=C(O)c1nc2ccccc2c2[nH]c3c(Cl)cccc3c12,15000,nM,4.823908741
CHEMBL3589661,O=C(O)c1nc2ccccc2c2[nH]c3c(Br)cccc3c12,160,nM,6.795880017
CHEMBL3589662,O=C(O)c1nc2ccccc2c2[nH]c3c(I)cccc3c12,10000,nM,5
CHEMBL3589663,COc1cccc2c1[nH]c1c3ccccc3nc(C(=O)O)c21,120,nM,6.920818754
CHEMBL3589664,COc1ccc2c(c1)nc(C(=O)O)c1c3cccc(F)c3[nH]c21,10000,nM,5
CHEMBL3589665,COc1ccc2c(c1)nc(C(=O)O)c1c3cccc(Cl)c3[nH]c21,1000,nM,6
CHEMBL3589666,COc1ccc2c(c1)nc(C(=O)O)c1c3cccc(Br)c3[nH]c21,1500,nM,5.823908741
CHEMBL3589667,COc1ccc2c(c1)nc(C(=O)O)c1c3cccc(I)c3[nH]c21,10000,nM,5
CHEMBL3589670,O=C(O)c1nc2ccc(I)cc2c2[nH]c3c(F)cccc3c12,10000,nM,5
CHEMBL3589671,O=C(O)c1nc2ccc(I)cc2c2[nH]c3c(Cl)cccc3c12,2200,nM,5.657577319
CHEMBL3589672,O=C(O)c1nc2ccc(I)cc2c2[nH]c3c(Br)cccc3c12,1500,nM,5.823908741
CHEMBL3589673,COc1ccc2nc(C(=O)O)c3c4cccc(Cl)c4[nH]c3c2c1,210,nM,6.677780705
CHEMBL3589674,COc1cccc(-c2ccc3nc(C(=O)O)c4c5cccc(Cl)c5[nH]c4c3c2)c1,3100,nM,5.508638306
CHEMBL3589675,COc1ccc(-c2ccc3nc(C(=O)O)c4c5cccc(Cl)c5[nH]c4c3c2)cc1,10000,nM,5
CHEMBL3589774,O=C(O)c1nc2ccsc2c2[nH]c3c(Cl)cccc3c12,350,nM,6.455931956
CHEMBL3589775,O=C(O)c1nc2cccnc2c2[nH]c3c(Br)cccc3c12,2000,nM,5.698970004
CHEMBL3655777,CCC(Nc1nc(NCc2cccnc2)c2ncn(C(C)C)c2n1)C(O)C(F)(F)F,2140,nM,5.669586227
CHEMBL3655763,CC[C@H](Nc1nc(NCc2ccc(C)nc2)c2ncn(C(C)C)c2n1)[C@@H](C)O,3630,nM,5.440093375
CHEMBL3673434,COc1cc(F)ccc1-c1ccnc(NC(=O)[C@H]2CCC[C@@H](NC(C)=O)C2)c1,3,nM,8.522878745
CHEMBL3655765,CC[C@H](Nc1nc(NCc2cccc(F)c2)c2ncn(C(C)C)c2n1)[C@@H](C)O,80,nM,7.096910013
CHEMBL3655762,CC[C@H](Nc1nc(NCc2cnc(C)cc2C)c2ncn(C(C)C)c2n1)[C@@H](C)O,100,nM,7
CHEMBL3655770,CC[C@H](Nc1nc(NCc2ccncc2)c2ncn(C(C)C)c2n1)[C@@H](C)O,610,nM,6.214670165
CHEMBL3655772,CC[C@H](Nc1nc(NCc2ccc(C(F)(F)F)nc2)c2ncn(C(C)C)c2n1)[C@@H](C)O,250,nM,6.602059991
CHEMBL3655776,CC(C)n1cnc2c(NCc3cccnc3)nc(NCC(O)C(F)(F)F)nc21,7400,nM,5.13076828
CHEMBL3655766,CC[C@H](Nc1nc(NCc2cccnc2)c2ncn(CC3CC3)c2n1)[C@@H](C)O,7890,nM,5.102922997
CHEMBL3655769,CC[C@H](Nc1nc(NC2CCC2)c2ncn(C(C)C)c2n1)[C@@H](C)O,500,nM,6.301029996
CHEMBL3673435,COc1cc(F)ccc1-c1ccnc(NC(=O)C2CCC(NC(C)=O)C2)c1,10,nM,8
CHEMBL3655764,CC[C@H](Nc1nc(NCc2cccc(Cl)c2)c2ncn(C(C)C)c2n1)[C@@H](C)O,60,nM,7.22184875
CHEMBL3655773,CC[C@H](Nc1nc(NCc2cccc(C)n2)c2ncn(C(C)C)c2n1)[C@@H](C)O,2040,nM,5.690369833
CHEMBL3655768,CC[C@H](Nc1nc(NCC2CC2)c2ncn(C(C)C)c2n1)[C@@H](C)O,380,nM,6.420216403
CHEMBL3655774,CC[C@H](Nc1nc(NCc2ncccc2C)c2ncn(C(C)C)c2n1)[C@@H](C)O,5840,nM,5.233587153
CHEMBL3655775,CC(C)n1cnc2c(NCc3cccnc3)nc(NC[C@@H](C)O)nc21,6530,nM,5.185086819
CHEMBL3655767,CC[C@H](Nc1nc(NC2CC2)c2ncn(C(C)C)c2n1)[C@@H](C)O,270,nM,6.568636236
CHEMBL3655771,CC[C@H](Nc1nc(NCc2cc(C)nc(C)c2)c2ncn(C(C)C)c2n1)[C@@H](C)O,1040,nM,5.982966661
CHEMBL1801932,CC(C)c1cnn2c(NCc3ccccc3)cc(NCCCCCCN)nc12,2180,nM,5.661543506
CHEMBL2103840,CCc1cnn2c(NCc3ccc[n+]([O-])c3)cc(N3CCCC[C@H]3CCO)nc12,178,nM,6.749579998
CHEMBL3774632,CC(O)CNc1nc(NCc2ccc(-c3ccccn3)cc2)c2[nH]nc(C(C)C)c2n1,240,nM,6.619788758
CHEMBL3800585,C[C@H]1CN(c2cccc3nc(-c4nc(-c5cc(C(=O)N(C)C)ccn5)cnc4N)n(C)c23)CCN1,25000,nM,4.602059991
CHEMBL3823659,CC(=O)N1CCC(n2cc(Nc3ncc(Cl)c(-c4cnc5ccccn45)n3)cn2)CC1,37,nM,7.431798276
CHEMBL3823030,Cc1nn(C2CCN(C(=O)[C@@H](C)O)CC2)c(C)c1Nc1ncc(Cl)c(-c2cnn3ccccc23)n1,450,nM,6.346787486
CHEMBL393525,Cc1ccc([N+](=O)[O-])cc1S(=O)(=O)N(C)/N=C/c1cnc2ccc(Br)cn12,1.4,nM,8.853871964
CHEMBL1944698,CN1C/C=C/CCOc2cccc(c2)-c2ccnc(n2)Nc2cccc(c2)C1,3,nM,8.522878745
CHEMBL3919070,[O-][n+]1cccc(CNc2ccc(Cl)c(-c3ccnc4[nH]c(C5CCNCC5)cc34)n2)c1,60,nM,7.22184875
CHEMBL3974193,CN1CCC(c2cc3c(-c4cccc(NCCCc5ccccc5)n4)ccnc3[nH]2)CC1,35,nM,7.455931956
CHEMBL3949793,COc1ccc(F)cc1-c1ccnc2[nH]c(C3CCN(CCN4CCOCC4)CC3)cc12,40,nM,7.397940009
CHEMBL3965720,COc1ccc(F)cc1-c1ccnc2[nH]c(C3=CC4CCC(C3)N4S(C)(=O)=O)cc12,38,nM,7.420216403
CHEMBL3928559,COc1ccc(F)cc1-c1ccnc2[nH]c(C3CCNCC3S(C)(=N)=O)cc12,22,nM,7.657577319
CHEMBL3918885,COc1ccc(F)cc1-c1ccnc2[nH]c(C3=CC4CCC(C3)N4CC(=O)N(C)C)cc12,114,nM,6.943095149
CHEMBL3924904,COc1ccc(F)cc1-c1ccnc2[nH]c(C3C[C@@H]4CN(S(C)(=O)=O)C[C@@H]4C3)cc12,70,nM,7.15490196
CHEMBL3943237,COc1ccc(F)cc1-c1c(C#N)cnc2[nH]c(C3=CC4CCC(C3)N4CC(=O)N(C)C)cc12,120,nM,6.920818754
CHEMBL3969365,COc1ccc(F)cc1-c1c(F)cnc2[nH]c(C3=CC4CCC(C3)N4CC(=O)N(C)C)cc12,90,nM,7.045757491
CHEMBL3902691,COc1ccc(F)cc1-c1ccnc2[nH]c(C3=CC4CCC(C3)N4C(=O)CN3CC(O)C3)cc12,131,nM,6.882728704
CHEMBL3930674,COc1ccc(F)cc1-c1ccnc2[nH]c(C3=CC4CCC(C3)N4C(=O)Cn3c(OC)cc4cccnc43)cc12,61,nM,7.214670165
CHEMBL3925253,COc1ccc(F)cc1-c1ccnc2[nH]c(C3=CC4CCC(C3)N4CC(=O)N(C)CCO)cc12,114,nM,6.943095149
CHEMBL3986015,O=C(CO)N1CC=C(c2cc3c(-c4cncc(NCc5ccccc5)n4)ccnc3[nH]2)CC1,23,nM,7.638272164
CHEMBL3694399,COc1ccccc1-c1cc(N(C)C(=O)[C@@H]2CCCNC2)ncn1,10,nM,8
CHEMBL3694400,COc1ccc(F)cc1-c1cc(NC(=O)C2CCCNC2)ncn1,0.018,nM,10.74472749
CHEMBL3694401,COc1cccc(F)c1-c1cc(NC(=O)C2CCCNC2)ncn1,0.039,nM,10.40893539
CHEMBL3694402,COc1ccccc1-c1cc(NC(=O)C2CCC(=O)NC2)ncn1,0.019,nM,10.7212464
CHEMBL3694403,COc1ccccc1-c1cc(NC(=O)c2ccc(NS(C)(=O)=O)cc2)ncn1,1.25,nM,8.903089987
CHEMBL3694404,COc1ccccc1-c1cc(NC(=O)c2ccc(C)c(NS(C)(=O)=O)c2)ncn1,0.116,nM,9.935542011
CHEMBL3694405,COc1ccccc1-c1cc(NC(=O)c2cccc(NS(C)(=O)=O)c2)ncn1,1.08,nM,8.966576245
CHEMBL3694406,COc1ccc(F)cc1-c1cc(NC(=O)Cc2cccnc2)ncn1,0.015,nM,10.82390874
CHEMBL3694407,COc1ccc(F)cc1-c1cc(NC(=O)Cc2ccncc2)ncn1,0.029,nM,10.537602
CHEMBL3694408,COc1ccc(F)cc1-c1cc(NC(=O)COc2ccc(Cl)cn2)ncn1,0.005,nM,11.30103
CHEMBL3663743,COc1ccc(F)cc1-c1ccnc2[nH]c(C3CCCNC3)cc12,16,nM,7.795880017
CHEMBL3663744,COc1cc(F)ccc1-c1ccnc2[nH]c(C3CCCNC3)cc12,22,nM,7.657577319
CHEMBL3663745,COc1ccc(F)cc1-c1ccnc2[nH]c([C@H]3CCCNC3)cc12,23,nM,7.638272164
CHEMBL3663746,COc1ccc(F)cc1-c1ccnc2[nH]c([C@@H]3CCCNC3)cc12,15,nM,7.823908741
CHEMBL3663747,COc1ccc(N)nc1-c1ccnc2[nH]c(C3CCCNC3)cc12,6900,nM,5.161150909
CHEMBL3663748,COc1ccc(C2=NCCN2)cc1-c1ccnc2[nH]c(C3CCCNC3)cc12,12500,nM,4.903089987
CHEMBL3663749,COc1ccc(C2CC2)cc1-c1ccnc2[nH]c(C3CCCNC3)cc12,4700,nM,5.327902142
CHEMBL3663750,COc1cc(F)ccc1-c1ccnc2[nH]c(C3CCCN(C)C3)cc12,49,nM,7.30980392
CHEMBL3663751,COc1ccc(F)cc1-c1ccnc2[nH]c(C3CCCN(C)C3)cc12,35,nM,7.455931956
CHEMBL3663752,COc1ccc(F)cc1-c1ccnc2[nH]c(C3CCCN(C(C)=O)C3)cc12,320,nM,6.494850022
CHEMBL3663753,Clc1ccc(NCc2ccccc2)nc1-c1ccnc2[nH]c(C3CCCNC3)cc12,33,nM,7.48148606
CHEMBL3663754,CN1CCCC(c2cc3c(-c4nc(NCc5ccccc5)ccc4Cl)ccnc3[nH]2)C1,93,nM,7.031517051
CHEMBL3663755,CN1CCCC(c2cc3c(-c4cccc(NCc5ccccc5)n4)ccnc3[nH]2)C1,130,nM,6.886056648
CHEMBL3663756,COc1ccc(NCc2ccccc2)nc1-c1ccnc2[nH]c(C3CCCNC3)cc12,490,nM,6.30980392
CHEMBL3663757,CC(C)S(=O)(=O)N1CCCC(c2cc3c(-c4nc(NCc5ccccc5)ccc4Cl)ccnc3[nH]2)C1,1400,nM,5.853871964
CHEMBL3663758,COC(=O)N1CCCC(c2cc3c(-c4nc(NCc5ccccc5)ccc4Cl)ccnc3[nH]2)C1,770,nM,6.113509275
CHEMBL3663759,COc1ccc(F)cc1-c1ccnc2[nH]c(C3CCNCC3)cc12,11,nM,7.958607315
CHEMBL3663760,COc1cc(F)ccc1-c1ccnc2[nH]c(C3CCNCC3)cc12,19,nM,7.721246399
CHEMBL3663761,COc1cc(Cl)ccc1-c1ccnc2[nH]c(C3CCNCC3)cc12,19,nM,7.721246399
CHEMBL3663762,COc1cccnc1-c1ccnc2[nH]c(C3CCNCC3)cc12,31,nM,7.508638306
CHEMBL3663763,COc1ccc(N)nc1-c1ccnc2[nH]c(C3CCNCC3)cc12,6600,nM,5.180456064
CHEMBL3663764,COc1cc(F)c(F)cc1-c1ccnc2[nH]c(C3CCNCC3)cc12,12,nM,7.920818754
CHEMBL3663765,COc1ccc(Cl)cc1-c1ccnc2[nH]c(C3CCNCC3)cc12,77,nM,7.113509275
CHEMBL3663766,COc1ccc(C)cc1-c1ccnc2[nH]c(C3CCNCC3)cc12,68,nM,7.167491087
CHEMBL3639626,COc1c(Cl)cccc1-c1ccnc2[nH]c(C3CCNCC3)cc12,300,nM,6.522878745
CHEMBL3663767,COc1ccc(F)nc1-c1ccnc2[nH]c(C3CCNCC3)cc12,77,nM,7.113509275
CHEMBL3663768,COc1ccccc1-c1ccnc2[nH]c(C3CCNCC3)cc12,27,nM,7.568636236
CHEMBL3663769,COc1ccc(F)cc1-c1ccnc2[nH]c(C3CCN(C)CC3)cc12,17,nM,7.769551079
CHEMBL3663770,COc1cc(F)ccc1-c1ccnc2[nH]c(C3CCN(C)CC3)cc12,23,nM,7.638272164
CHEMBL3663771,COc1ccc(C)cc1-c1ccnc2[nH]c(C3CCN(C)CC3)cc12,120,nM,6.920818754
CHEMBL3663772,COc1ccncc1-c1ccnc2[nH]c(C3CCN(C)CC3)cc12,2600,nM,5.585026652
CHEMBL3663773,Clc1ccc(NCc2ccccc2)nc1-c1ccnc2[nH]c(C3CCNCC3)cc12,21,nM,7.677780705
CHEMBL3663774,Fc1cccc(CNc2ccc(Cl)c(-c3ccnc4[nH]c(C5CCNCC5)cc34)n2)c1,15,nM,7.823908741
CHEMBL3663775,Clc1ccc(NCc2cccnc2)nc1-c1ccnc2[nH]c(C3CCNCC3)cc12,18,nM,7.744727495
CHEMBL3663776,Clc1ccc(CNc2ccc(Cl)c(-c3ccnc4[nH]c(C5CCNCC5)cc34)n2)cc1,21,nM,7.677780705
CHEMBL3663777,Fc1ccc(F)c(CNc2ccc(Cl)c(-c3ccnc4[nH]c(C5CCNCC5)cc34)n2)c1,17,nM,7.769551079
CHEMBL3663778,Fc1cncc(CNc2ccc(Cl)c(-c3ccnc4[nH]c(C5CCNCC5)cc34)n2)c1,10,nM,8
CHEMBL3663779,Fc1ccccc1CNc1ccc(Cl)c(-c2ccnc3[nH]c(C4CCNCC4)cc23)n1,33,nM,7.48148606
CHEMBL3663780,Fc1ccc(CNc2ccc(Cl)c(-c3ccnc4[nH]c(C5CCNCC5)cc34)n2)cc1F,19,nM,7.721246399
CHEMBL3663781,Clc1ccc(NCc2ccncc2)nc1-c1ccnc2[nH]c(C3CCNCC3)cc12,25,nM,7.602059991
CHEMBL3663782,Clc1ccc(NCC2CCNCC2)nc1-c1ccnc2[nH]c(C3CCNCC3)cc12,550,nM,6.259637311
CHEMBL3663783,Clc1ccc(NCC2CCCNC2)nc1-c1ccnc2[nH]c(C3CCNCC3)cc12,170,nM,6.769551079
CHEMBL3663784,Clc1ccc(-c2ccccc2)nc1-c1ccnc2[nH]c(C3CCNCC3)cc12,5100,nM,5.292429824
CHEMBL3663785,O=C(Nc1ccc(Cl)c(-c2ccnc3[nH]c(C4CCNCC4)cc23)n1)c1ccccc1,19000,nM,4.721246399
CHEMBL3663786,CN(Cc1ccccc1)c1ccc(Cl)c(-c2ccnc3[nH]c(C4CCNCC4)cc23)n1,21,nM,7.677780705
CHEMBL3663787,CCN(Cc1ccccc1)c1ccc(Cl)c(-c2ccnc3[nH]c(C4CCNCC4)cc23)n1,48,nM,7.318758763
CHEMBL3663788,Clc1ccc(NCC2CCOCC2)nc1-c1ccnc2[nH]c(C3CCNCC3)cc12,81,nM,7.091514981
CHEMBL3663789,Clc1ccc(NCC2CCCOC2)nc1-c1ccnc2[nH]c(C3CCNCC3)cc12,87,nM,7.060480747
CHEMBL3663790,O=S(=O)(Nc1ccc(Cl)c(-c2ccnc3[nH]c(C4CCNCC4)cc23)c1)c1ccccc1,570,nM,6.244125144
CHEMBL3663791,Fc1ccc(NCc2ccccc2)cc1-c1ccnc2[nH]c(C3CCNCC3)cc12,49,nM,7.30980392
CHEMBL3663792,Clc1cnc(NCc2ccccc2)cc1-c1ccnc2[nH]c(C3CCNCC3)cc12,14,nM,7.853871964
CHEMBL3663793,Clc1ccc(NCc2ccccc2)cc1-c1ccnc2[nH]c(C3CCNCC3)cc12,25,nM,7.602059991
CHEMBL3663794,CN1CCC(c2cc3c(-c4nc(NCc5ccccc5)ccc4Cl)ccnc3[nH]2)CC1,19,nM,7.721246399
CHEMBL3663795,C[C@H](Nc1ccc(Cl)c(-c2ccnc3[nH]c(C4CCNCC4)cc23)n1)c1ccccc1,49,nM,7.30980392
CHEMBL3663796,CN1CCC(c2cc3c(-c4cccc(NCc5ccccc5)n4)ccnc3[nH]2)CC1,15,nM,7.823908741
CHEMBL3663797,CN1CCC(c2cc3c(-c4nc(NCc5cccc(F)c5)ccc4Cl)ccnc3[nH]2)CC1,15,nM,7.823908741
CHEMBL3663798,Clc1ccc(OCc2ccccc2)nc1-c1ccnc2[nH]c(C3CCNCC3)cc12,24,nM,7.619788758
CHEMBL3663799,COc1ccc(F)cc1-c1ccnc2[nH]c(C3CCNC3)cc12,17,nM,7.769551079
CHEMBL3663800,COc1cc(F)ccc1-c1ccnc2[nH]c(C3CCNC3)cc12,25,nM,7.602059991
CHEMBL3663801,COc1ccc(F)cc1-c1ccnc2[nH]c([C@H]3CCNC3)cc12,23,nM,7.638272164
CHEMBL3663802,COc1ccc(F)cc1-c1ccnc2[nH]c([C@@H]3CCNC3)cc12,15,nM,7.823908741
CHEMBL3663803,COc1ccc(F)cc1-c1ccnc2[nH]c(C3CCN(C)C3)cc12,22,nM,7.657577319
CHEMBL3663804,Clc1ccc(NCc2ccccc2)nc1-c1ccnc2[nH]c(C3CCNC3)cc12,25,nM,7.602059991
CHEMBL3663805,Clc1ccc(NCC2CCOCC2)nc1-c1ccnc2[nH]c(C3CCNC3)cc12,200,nM,6.698970004
CHEMBL3663806,COc1cc(F)ccc1-c1ccnc2[nH]c(C3CNCCO3)cc12,42,nM,7.37675071
CHEMBL3663807,COc1ccc(F)cc1-c1ccnc2[nH]c(C3CNCCO3)cc12,37,nM,7.431798276
CHEMBL3663808,COc1cc(F)ccc1-c1ccnc2[nH]c(C3CN(C)CCO3)cc12,510,nM,6.292429824
CHEMBL3668343,COc1ccc(F)cc1-c1ccnc2[nH]c(C3CN(C)CCO3)cc12,250,nM,6.602059991
CHEMBL3668344,Clc1ccc(NCc2ccccc2)nc1-c1ccnc2[nH]c(C3CNCCO3)cc12,65,nM,7.187086643
CHEMBL3668345,COc1ccc(F)cc1-c1ccnc2[nH]c(C3CNC(C)(C)CO3)cc12,63,nM,7.200659451
CHEMBL3668346,COc1cc(F)ccc1-c1ccnc2[nH]c(C3CNC(C)(C)CO3)cc12,360,nM,6.443697499
CHEMBL3668347,COc1cc(Cl)ccc1-c1ccnc2[nH]c(C3CNC(C)(C)CO3)cc12,120,nM,6.920818754
CHEMBL3668348,COc1ccc(F)cc1-c1ccnc2[nH]c(C3CCC(N)CC3)cc12,24,nM,7.619788758
CHEMBL3668349,COc1ccc(F)cc1-c1ccnc2[nH]c(C3CCCC(N)C3)cc12,23,nM,7.638272164
CHEMBL3668350,COc1ccc(F)cc1-c1ccnc2[nH]c(C3CCNCC3)c(C)c12,17,nM,7.769551079
CHEMBL3668351,Clc1cnc2[nH]c(C3CCNCC3)cc2c1-c1cccc(NCc2ccccc2)n1,25,nM,7.602059991
CHEMBL3668352,Fc1cccc(-c2c(Cl)cnc3[nH]c(C4CCCNC4)cc23)c1,63,nM,7.200659451
CHEMBL3668353,Fc1cccc(-c2c(Cl)cnc3[nH]c(C4CCCNC4)cc23)n1,840,nM,6.075720714
CHEMBL3668354,Clc1cnc2[nH]c(C3CCCNC3)cc2c1-c1cccc(NCc2ccccc2)n1,39,nM,7.408935393
CHEMBL3668355,Clc1cnc2[nH]c(C3CCCNC3)cc2c1-c1cccc(NCC2CCOCC2)n1,640,nM,6.193820026
CHEMBL3668356,CN1CCCC(c2cc3c(-c4cccc(NCc5ccccc5)n4)c(Cl)cnc3[nH]2)C1,180,nM,6.744727495
CHEMBL3668357,COC(=O)N1CCCC(c2cc3c(-c4cccc(NCc5ccccc5)n4)c(Cl)cnc3[nH]2)C1,1300,nM,5.886056648
CHEMBL3668358,CC(C)S(=O)(=O)N1CCCC(c2cc3c(-c4cccc(NCc5ccccc5)n4)c(Cl)cnc3[nH]2)C1,600,nM,6.22184875
CHEMBL3668359,NC1CCCC(c2cc3c(-c4cccc(F)c4)c(Cl)cnc3[nH]2)C1,100,nM,7
CHEMBL3668360,NC1CCCC(c2cc3c(-c4cccc(NCc5ccccc5)n4)c(Cl)cnc3[nH]2)C1,120,nM,6.920818754
CHEMBL3668361,COc1ccc(F)cc1-c1ccnc2[nH]c(C3=CCNCC3)cc12,10,nM,8
CHEMBL3668362,c1cc(NCC2CCOCC2)nc(-c2ccnc3[nH]c(C4CCNCC4)cc23)c1,30,nM,7.522878745
CHEMBL3668363,CN1CCC(c2cc3c(-c4cccc(NCC5CCOCC5)n4)ccnc3[nH]2)CC1,34,nM,7.468521083
CHEMBL3668364,CN1CCC(c2cc3c(-c4cccc(NCc5cccnc5)n4)ccnc3[nH]2)CC1,29,nM,7.537602002
CHEMBL3668365,CN1CCC(c2cc3c(-c4cccc(NCCSc5ccccc5)n4)ccnc3[nH]2)CC1,51,nM,7.292429824
CHEMBL3668366,CN1CCC(c2cc3c(-c4cccc(NCC5CC5)n4)ccnc3[nH]2)CC1,34,nM,7.468521083
CHEMBL3668367,COc1ccc(F)cc1-c1ccnc2[nH]c(C3CCCN3)cc12,580,nM,6.236572006
CHEMBL3668368,CN1CCC(c2cc3c(-c4cccc(NCC5CCOC(C)(C)C5)n4)ccnc3[nH]2)CC1,150,nM,6.823908741
CHEMBL3668369,CN1CCC(c2cc3c(-c4cccc(N(C)Cc5ccccc5)n4)ccnc3[nH]2)CC1,50,nM,7.301029996
CHEMBL3668370,CN1CCC(c2cc3c(-c4cccc(NCc5cccc(Cl)c5)n4)ccnc3[nH]2)CC1,14,nM,7.853871964
CHEMBL3668371,COc1ccc(F)cc1-c1ccnc2[nH]c(C3CCCCC3)cc12,270,nM,6.568636236
CHEMBL3668372,COc1ccc(F)cc1-c1ccnc2[nH]c(C3CCCN3C(C)=O)cc12,1300,nM,5.886056648
CHEMBL3668373,COc1ccc(F)cc1-c1ccnc2[nH]c(C3=CCN(C(C)=O)CC3)cc12,33,nM,7.48148606
CHEMBL3668374,COc1ccc(F)cc1-c1ccnc2[nH]c(C3=CCN(C(=O)CO)CC3)cc12,36,nM,7.443697499
CHEMBL3668375,CN1CCC(c2cc3c(-c4cccc(NCc5c(F)cccc5F)n4)ccnc3[nH]2)CC1,12,nM,7.920818754
CHEMBL3668376,COc1ccc(F)cc1-c1ccnc2[nH]c(C3CCCN3C)cc12,430,nM,6.366531544
CHEMBL3668377,C[C@H](Nc1cccc(-c2ccnc3[nH]c(C4CCN(C)CC4)cc23)n1)c1ccccc1,44,nM,7.356547324
CHEMBL3668378,CN1CCC(c2cc3c(-c4cccc(NCc5ccc6c(c5)OCO6)n4)ccnc3[nH]2)CC1,13,nM,7.886056648
CHEMBL3668379,Nc1ccc(Cl)c(-c2ccnc3[nH]c(C4CCNCC4)cc23)n1,180,nM,6.744727495
CHEMBL3668380,c1ccc(SCCNc2cccc(-c3ccnc4[nH]c(C5CCNCC5)cc34)n2)cc1,36,nM,7.443697499
CHEMBL3668381,COc1ccc(F)cc1-c1ccnc2[nH]c(C3CCN(C(C)=O)C3)cc12,74,nM,7.13076828
CHEMBL3668382,COc1ccc(F)cc1-c1ccnc2[nH]c(C3CCN(CCO)C3)cc12,44,nM,7.356547324
CHEMBL3668383,COc1ccc(F)cc1-c1ccnc2[nH]c(C3CCN(C4CCOCC4)C3)cc12,44,nM,7.356547324
CHEMBL3668384,COc1ccc(F)cc1-c1ccnc2[nH]c(C3CCN(Cc4ccccn4)C3)cc12,38,nM,7.420216403
CHEMBL3668385,COc1ccc(F)cc1-c1ccnc2[nH]c(C3CCN(Cc4cccnc4)C3)cc12,14,nM,7.853871964
CHEMBL3668386,COc1ccc(F)cc1-c1ccnc2[nH]c(C3CCN(Cc4ccncc4)C3)cc12,23,nM,7.638272164
CHEMBL3668387,COc1ccc(F)cc1-c1ccnc2[nH]c(C3CCN(CC4CCCOC4)C3)cc12,36,nM,7.443697499
CHEMBL3668388,COc1ccc(F)cc1-c1ccnc2[nH]c(C3CCN(CCNC(=O)OC(C)(C)C)C3)cc12,29,nM,7.537602002
CHEMBL3668389,COc1ccc(F)cc1-c1ccnc2[nH]c(C3CCN(C4CCN(C(=O)OC(C)(C)C)C4)C3)cc12,100,nM,7
CHEMBL3668390,COc1ccc(F)cc1-c1ccnc2[nH]c(C3CCN(CC4CCOCC4)C3)cc12,61,nM,7.214670165
CHEMBL3668391,COc1ccc(F)cc1-c1ccnc2[nH]c(C3CCN(CCN4CCOCC4)C3)cc12,43,nM,7.366531544
CHEMBL3668392,COc1ccc(F)cc1-c1ccnc2[nH]c(C3=CCN(S(C)(=O)=O)CC3)cc12,37,nM,7.431798276
CHEMBL3668393,COC(=O)CCCN[C@H]1CC[C@H](c2cc3c(-c4cc(F)ccc4OC)ccnc3[nH]2)CC1,22,nM,7.657577319
CHEMBL3668394,CCOC(=O)C1CC1CN[C@H]1CC[C@H](c2cc3c(-c4cc(F)ccc4OC)ccnc3[nH]2)CC1,34,nM,7.468521083
CHEMBL3668395,COc1ccc(F)cc1-c1ccnc2[nH]c([C@H]3CC[C@H](NCC(O)CO)CC3)cc12,28,nM,7.552841969
CHEMBL3668396,COc1ccc(F)cc1-c1ccnc2[nH]c(C3CCN(CCN)C3)cc12,39,nM,7.408935393
CHEMBL3668397,COc1ccc(F)cc1-c1ccnc2[nH]c(C3CCN(C4CCNC4)C3)cc12,46,nM,7.337242168
CHEMBL3668398,COc1ccc(F)cc1-c1ccnc2[nH]c(C3(O)CCNCC3)cc12,75,nM,7.124938737
CHEMBL3668399,COc1ccc(F)cc1-c1ccnc2[nH]c(C3CCCN(CCCNC(=O)OCc4ccccc4)C3)cc12,23,nM,7.638272164
CHEMBL3668400,COc1ccc(F)cc1-c1ccnc2[nH]c(C3CCCN(CCO)C3)cc12,21,nM,7.677780705
CHEMBL3668401,COc1ccc(F)cc1-c1ccnc2[nH]c(C3CCCN(CCCN)C3)cc12,14,nM,7.853871964
CHEMBL3668402,COCCN1CCCC(c2cc3c(-c4cc(F)ccc4OC)ccnc3[nH]2)C1,50,nM,7.301029996
CHEMBL3668403,COc1ccc(F)cc1-c1ccnc2[nH]c([C@H]3CC[C@H](NCCCC(=O)O)CC3)cc12,64,nM,7.193820026
CHEMBL3668404,CN1CCC(c2cc3c(-c4nc(N)ccc4Cl)ccnc3[nH]2)CC1,130,nM,6.886056648
CHEMBL3668405,CN1CCC(c2cc3c(-c4nc(Nc5nc(N)ccc5Cl)ccc4Cl)ccnc3[nH]2)CC1,1500,nM,5.823908741
CHEMBL3668406,CN1CCC(c2cc3c(-c4nc(NCC5CCOCC5)ccc4Cl)ccnc3[nH]2)CC1,120,nM,6.920818754
CHEMBL3668407,COc1ccc(F)cc1-c1ccnc2[nH]c(C3CCN(C(C)=O)CC3)cc12,44,nM,7.356547324
CHEMBL3668408,COc1ccc(F)cc1-c1ccnc2[nH]c(C3CCN(C(=O)CO)CC3)cc12,23,nM,7.638272164
CHEMBL3668409,COc1cc(C#N)ccc1-c1ccnc2[nH]c(C3CCCNC3)cc12,39,nM,7.408935393
CHEMBL3668410,c1ccc(CCNc2cccc(-c3ccnc4[nH]c(C5CCNCC5)cc34)n2)cc1,33,nM,7.48148606
CHEMBL3668411,CN1CCC(c2cc3c(-c4cccc(N(C)CCc5ccccc5)n4)ccnc3[nH]2)CC1,120,nM,6.920818754
CHEMBL3668412,Clc1ccccc1CNc1cccc(-c2ccnc3[nH]c(C4CCNCC4)cc23)n1,20,nM,7.698970004
CHEMBL3668413,CN1CCC(c2cc3c(-c4cccc(NCc5ccccc5Cl)n4)ccnc3[nH]2)CC1,24,nM,7.619788758
CHEMBL3668414,CN1CCC(c2cc3c(-c4cccc(N(C)Cc5ccccc5Cl)n4)ccnc3[nH]2)CC1,69,nM,7.161150909
CHEMBL3668415,O=C1CCCN1CCNc1cccc(-c2ccnc3[nH]c(C4CCNCC4)cc23)n1,320,nM,6.494850022
CHEMBL3668416,CN1CCC(c2cc3c(-c4cccc(N(C)CCN5CCCC5=O)n4)ccnc3[nH]2)CC1,370,nM,6.431798276
CHEMBL3668417,COc1ccc(F)cc1-c1ccnc2[nH]c([C@H]3CC[C@H](NCC4CC4C(=O)O)CC3)cc12,29,nM,7.537602002
CHEMBL3668418,COc1ccc(F)cc1-c1ccnc2[nH]c(C3CNC3)cc12,12,nM,7.920818754
CHEMBL3668419,COc1ccc(F)cc1-c1ccnc2[nH]c(C3CCN(C(=O)CN4CCC(O)CC4)CC3)cc12,31,nM,7.508638306
CHEMBL3639672,COc1ccc(F)cc1-c1ccnc2[nH]c(C3CCN(S(C)(=O)=O)CC3)cc12,21,nM,7.677780705
CHEMBL3668420,COc1ccc(F)cc1-c1ccnc2[nH]c(C3CCN(CC(O)CO)CC3)cc12,21,nM,7.677780705
CHEMBL3668421,CN1CCC(c2cc3c(-c4cccc(NCCc5ccccc5)n4)ccnc3[nH]2)CC1,17,nM,7.769551079
CHEMBL3668422,CN1CCC(c2cc3c(-c4cccc(NCCN5CCCC5=O)n4)ccnc3[nH]2)CC1,340,nM,6.468521083
CHEMBL3668423,CN1CCC(c2cc3c(-c4nc(NCC5CC5)ccc4Cl)ccnc3[nH]2)CC1,96,nM,7.017728767
CHEMBL3668424,CN(C)CCOc1ccc(CNc2cccc(-c3ccnc4[nH]c(C5CCN(C)CC5)cc34)n2)cc1,47,nM,7.327902142
CHEMBL3668425,CN1CCC(c2cc3c(-c4nc(NCC5CCOC(C)(C)C5)ccc4Cl)ccnc3[nH]2)CC1,150,nM,6.823908741
CHEMBL3668426,CN1CCC(c2cc3c(-c4nc(NCc5ccncc5)ccc4Cl)ccnc3[nH]2)CC1,51,nM,7.292429824
CHEMBL3668427,CN1CCC(c2cc3c(-c4cccc(NCc5cc[nH]n5)n4)ccnc3[nH]2)CC1,15,nM,7.823908741
CHEMBL3668428,CN1CCC(c2cc3c(-c4cccc(NCc5ccc6c(c5)CNC6)n4)ccnc3[nH]2)CC1,49,nM,7.30980392
CHEMBL3668429,CN1CCC(c2cc3c(-c4cccc(NCC5CCN(C)C5)n4)ccnc3[nH]2)CC1,91,nM,7.040958608
CHEMBL3668430,CN1CCC(c2cc3c(-c4cccc(NCc5ccc6cc[nH]c6c5)n4)ccnc3[nH]2)CC1,86,nM,7.065501549
CHEMBL3668431,CN1CCC(c2cc3c(-c4nc(NCc5ccc(S(C)(=O)=O)cc5)ccc4Cl)ccnc3[nH]2)CC1,41,nM,7.387216143
CHEMBL3668432,CN1CCC(c2cc3c(-c4nc(NCc5ccc(S(N)(=O)=O)cc5)ccc4Cl)ccnc3[nH]2)CC1,45,nM,7.346787486
CHEMBL3668433,CN1CCC(c2cc3c(-c4nc(NCc5ccc(C(N)=O)cc5)ccc4Cl)ccnc3[nH]2)CC1,28,nM,7.552841969
CHEMBL3668434,CN1CCC(c2cc3c(-c4cccc(NCCN5CCOCC5)n4)ccnc3[nH]2)CC1,110,nM,6.958607315
CHEMBL3668435,CN1CCC(c2cc3c(-c4cccc(NCCO)n4)ccnc3[nH]2)CC1,30,nM,7.522878745
CHEMBL3668436,CN1CCC(c2cc3c(-c4nc(NCC5CCNCC5)ccc4Cl)ccnc3[nH]2)CC1,450,nM,6.346787486
CHEMBL3668437,COc1ccc(F)cc1-c1ccnc2[nH]c(C3(O)CCOCC3)cc12,270,nM,6.568636236
CHEMBL3668438,COc1ccc(F)cc1-c1ccnc2[nH]c(C3CN(Cc4ccncc4)C3)cc12,73,nM,7.13667714
CHEMBL3668439,COc1ccc(F)cc1-c1ccnc2[nH]c(C3CN(C(C)=O)C3)cc12,160,nM,6.795880017
CHEMBL3668440,COc1ccc(F)cc1-c1ccnc2[nH]c(C3CN(CCN)C3)cc12,34,nM,7.468521083
CHEMBL3668441,COc1ccc(F)cc1-c1ccnc2[nH]c(C3CN(CC4CCOCC4)C3)cc12,290,nM,6.537602002
CHEMBL3668442,COc1ccc(F)cc1-c1ccnc2[nH]c(C3CN(CCN4CCOCC4)C3)cc12,90,nM,7.045757491
CHEMBL3668443,COc1ccc(F)cc1-c1ccnc2[nH]c(C3CN(CCO)C3)cc12,76,nM,7.119186408
CHEMBL3668444,CN1CCC(c2cc3c(-c4nc(NCC5CCN(C(=O)OC(C)(C)C)C5)ccc4Cl)ccnc3[nH]2)CC1,75,nM,7.124938737
CHEMBL3668445,CN1CCC(c2cc3c(-c4nc(NCC5CCS(=O)(=O)CC5)ccc4Cl)ccnc3[nH]2)CC1,25,nM,7.602059991
CHEMBL3668446,CN1CCC(c2cc3c(-c4nc(NCc5cccc(OCC(=O)O)c5)ccc4Cl)ccnc3[nH]2)CC1,100,nM,7
CHEMBL3668447,CN1CCC(c2cc3c(-c4nc(NCc5ccc(OCC(=O)O)cc5)ccc4Cl)ccnc3[nH]2)CC1,35,nM,7.455931956
CHEMBL3668448,CC(=O)N1CCC(CNc2ccc(Cl)c(-c3ccnc4[nH]c(C5CCN(C)CC5)cc34)n2)CC1,55,nM,7.259637311
CHEMBL3668449,CN1CCC(c2cc3c(-c4nc(NCc5nnc[nH]5)ccc4Cl)ccnc3[nH]2)CC1,78,nM,7.107905397
CHEMBL3668450,CN1CCC(c2cc3c(-c4cc(NCC5CCOCC5)ccc4F)ccnc3[nH]2)CC1,52,nM,7.283996656
CHEMBL3668451,COc1ccc(F)cc1-c1ccnc2[nH]c(C3CCN(C(=O)CN4CCCCC4)CC3)cc12,23,nM,7.638272164
CHEMBL3668452,COc1ccc(F)cc1-c1ccnc2[nH]c(C3CCN(C(=O)CN4CCOCC4)CC3)cc12,19,nM,7.721246399
CHEMBL3668453,COc1ccc(F)cc1-c1ccnc2[nH]c(C3CCN(C(=O)CNC4CCC(O)CC4)CC3)cc12,22,nM,7.657577319
CHEMBL3668454,COc1ccc(F)cc1-c1ccnc2[nH]c(C3CCN(C(=O)CNCCO)CC3)cc12,22,nM,7.657577319
CHEMBL3668455,COc1ccc(F)cc1-c1ccnc2[nH]c(C3CN(C)C3)cc12,30,nM,7.522878745
CHEMBL3668456,COc1ccc(F)cc1-c1ccnc2[nH]c(C3CN(S(C)(=O)=O)C3)cc12,140,nM,6.853871964
CHEMBL3668457,COc1ccc(F)cc1-c1ccnc2[nH]c(C3=CCN(CC(O)CO)CC3)cc12,4,nM,8.397940009
CHEMBL3668458,Nc1ccc(F)c(-c2ccnc3[nH]c(C4CCNCC4)cc23)c1,67,nM,7.173925197
CHEMBL3668459,CN1CCC(c2cc3c(-c4nc(NCc5cccc(S(C)(=O)=O)c5)ccc4Cl)ccnc3[nH]2)CC1,46,nM,7.337242168
CHEMBL3668460,CN1CCC(c2cc3c(-c4cc(NCc5ccncc5)ccc4F)ccnc3[nH]2)CC1,23,nM,7.638272164
CHEMBL3668461,CN1CCC(c2cc3c(-c4cc(NCc5ccc(S(C)(=O)=O)cc5)ccc4F)ccnc3[nH]2)CC1,8,nM,8.096910013
CHEMBL3668462,CN1CCC(c2cc3c(-c4cc(NCc5ccc(C(N)=O)cc5)ccc4F)ccnc3[nH]2)CC1,25,nM,7.602059991
CHEMBL3668463,O[C@@H]1CN[C@@H](CNc2ccc(Cl)c(-c3ccnc4[nH]c(C5CCNCC5)cc34)n2)C1,810,nM,6.091514981
CHEMBL3668464,COc1ccc(F)cc1-c1ccnc2[nH]c(C3CCCCNC3)cc12,33,nM,7.48148606
CHEMBL3668465,Fc1ccc(NCc2ccccc2)cc1-c1c(Cl)cnc2[nH]c(C3CCNCC3)cc12,33,nM,7.48148606
CHEMBL3668466,F[C@@H]1CN[C@H](CNc2ccc(Cl)c(-c3ccnc4[nH]c(C5CCNCC5)cc34)n2)C1,910,nM,6.040958608
CHEMBL3668467,N#CC1(CNc2cc(-c3ccnc4[nH]c(C5CCNCC5)cc34)c(Cl)cn2)CCOCC1,730,nM,6.13667714
CHEMBL3668468,FC1(F)CN[C@H](CNc2ccc(Cl)c(-c3ccnc4[nH]c(C5CCNCC5)cc34)n2)C1,160,nM,6.795880017
CHEMBL3668469,Clc1ccc(NCc2ccccc2)cc1-c1ccnc2[nH]c(C3CCCNC3)cc12,29,nM,7.537602002
CHEMBL3668470,CN(Cc1ccccc1)c1ccc(Cl)c(-c2ccnc3[nH]c(C4CCCNC4)cc23)n1,55,nM,7.259637311
CHEMBL3668471,COc1cc(F)c(F)cc1-c1ccnc2[nH]c(C3CCCNC3)cc12,26,nM,7.585026652
CHEMBL3668472,Fc1ccc(CNc2ccc(Cl)c(-c3ccnc4[nH]c(C5CCCNC5)cc34)n2)cc1F,20,nM,7.698970004
CHEMBL3668473,Fc1cccc(CNc2ccc(Cl)c(-c3ccnc4[nH]c(C5CCCNC5)cc34)n2)c1,8,nM,8.096910013
CHEMBL3668474,Fc1ccc(CNc2ccc(Cl)c(-c3ccnc4[nH]c(C5CCCNC5)cc34)n2)cc1,27,nM,7.568636236
CHEMBL3668475,Clc1cnc(NCc2ccccc2)cc1-c1ccnc2[nH]c(C3CCCNC3)cc12,23,nM,7.638272164
CHEMBL3668476,Fc1ccc(NCc2ccccc2)cc1-c1ccnc2[nH]c(C3CCCNC3)cc12,11,nM,7.958607315
CHEMBL3668477,Fc1ccccc1CNc1ccc(Cl)c(-c2ccnc3[nH]c(C4CCCNC4)cc23)n1,66,nM,7.180456064
CHEMBL3668478,Clc1ccc(NCc2cccnc2)nc1-c1ccnc2[nH]c(C3CCCNC3)cc12,43,nM,7.366531544
CHEMBL3668479,Clc1ccc(OCc2cccnc2)nc1-c1ccnc2[nH]c(C3CCCNC3)cc12,80,nM,7.096910013
CHEMBL3668480,Fc1cncc(CNc2ccc(Cl)c(-c3ccnc4[nH]c(C5CCCNC5)cc34)n2)c1,17,nM,7.769551079
CHEMBL3668481,Fc1cnc(NCc2ccccc2)cc1-c1ccnc2[nH]c(C3CCCNC3)cc12,18,nM,7.744727495
CHEMBL3668482,Fc1cc(NCc2ccccc2)nc(-c2ccnc3[nH]c(C4CCCNC4)cc23)c1,21,nM,7.677780705
CHEMBL3668483,Clc1cnc2[nH]c(C3CCCNC3)cc2c1-c1ccnc(NCc2ccccc2)c1,25,nM,7.602059991
CHEMBL3668484,Fc1cccc(CNc2ccc(F)c(-c3ccnc4[nH]c(C5CCCNC5)cc34)c2)c1,21,nM,7.677780705
CHEMBL3668485,CNC(=O)N1CC=C(c2cc3c(-c4cc(F)ccc4OC)ccnc3[nH]2)CC1,19,nM,7.721246399
CHEMBL3668486,COc1ccc(F)cc1-c1ccnc2[nH]c(C3=CCN(S(N)(=O)=O)CC3)cc12,30,nM,7.522878745
CHEMBL3668487,COc1ccc(F)cc1-c1ccnc2[nH]c(C3=CCN(Cc4ccc(NC(C)=O)cc4)CC3)cc12,56,nM,7.251811973
CHEMBL3668488,COc1ccc(F)cc1-c1ccnc2[nH]c(C3=CCN(S(=O)(=O)N(C(=O)O)C(C)(C)C)CC3)cc12,64,nM,7.193820026
CHEMBL3668489,COc1ccc(F)cc1-c1ccnc2[nH]c(C3=CCC(C(=O)O)CC3)cc12,62,nM,7.207608311
CHEMBL3668490,CS(=O)(=O)N1CC=C(c2cc3c(-c4cccc(F)c4F)ccnc3[nH]2)CC1,53,nM,7.27572413
CHEMBL3668491,COc1ccc(F)cc1-c1ccnc2[nH]c(C3=CCN(C(=O)CC#N)CC3)cc12,21,nM,7.677780705
CHEMBL3668492,CNC(=O)N1CC=C(c2cc3c(-c4cccc(F)c4F)ccnc3[nH]2)CC1,84,nM,7.075720714
CHEMBL3668493,COc1ccc(F)cc1-c1ccnc2[nH]c(C3=CCN(CC(=O)N(C)C)CC3)cc12,39,nM,7.408935393
CHEMBL3668494,COc1ccc(F)cc1-c1ccnc2[nH]c(C3=CCN(C(=O)Nc4cnn(C)c4)CC3)cc12,37,nM,7.431798276
CHEMBL3668495,COc1ccc(F)cc1-c1ccnc2[nH]c(C3=CCN(CC(=O)O)CC3)cc12,33,nM,7.48148606
CHEMBL3668496,COc1ccc(F)cc1-c1ccnc2[nH]c(C3=CCN(CC(N)=O)CC3)cc12,28,nM,7.552841969
CHEMBL3668497,CCN(C(=O)O)S(=O)(=O)N1CC=C(c2cc3c(-c4cc(F)ccc4OC)ccnc3[nH]2)CC1,19,nM,7.721246399
CHEMBL3668498,CNC(=O)N1CC=C(c2cc3c(-c4cc(F)ccc4OC)c(Cl)cnc3[nH]2)CC1,101,nM,6.995678626
CHEMBL3668499,COc1ccc(F)cc1-c1c(F)cnc2[nH]c(C3=CCN(CC(=O)N(C)C)CC3)cc12,45,nM,7.346787486
CHEMBL3668500,CNC(=O)N1CC=C(c2cc3c(-c4cc(F)c(F)cc4OC)ccnc3[nH]2)CC1,23,nM,7.638272164
CHEMBL3668501,CN(C)C(=O)CN1CC=C(c2cc3c(-c4cccc(F)c4F)ccnc3[nH]2)CC1,47,nM,7.327902142
CHEMBL3668502,COc1ccc(F)cc1-c1ccnc2[nH]c(C3CCN(CC(=O)N(C)C)CC3)cc12,38,nM,7.420216403
CHEMBL3668503,COc1ccc(F)cc1-c1c(C#N)cnc2[nH]c(C3=CCN(CC(=O)N(C)C)CC3)cc12,126,nM,6.899629455
CHEMBL3668504,CCN(C(=O)O)S(=O)(=O)N1CC=C(c2cc3c(-c4cc(F)ccc4OC)c(F)cnc3[nH]2)CC1,130,nM,6.886056648
CHEMBL3668505,COc1ccc(F)cc1-c1ccnc2[nH]c(C3=CCN(CC(=O)N4CC(O)C4)CC3)cc12,62,nM,7.207608311
CHEMBL3668506,COc1ccc(F)cc1-c1ccnc2[nH]c(C3=CCN(CC(=O)N4CCC[C@H]4CO)CC3)cc12,53,nM,7.27572413
CHEMBL3668507,COc1ccc(F)cc1-c1ccnc2[nH]c(C3=CCN(C(=O)[C@H]4C[C@@H](O)CN4)CC3)cc12,56,nM,7.251811973
CHEMBL3668508,COc1ccc(F)cc1-c1ccnc2[nH]c(C3=CCC(N[C@@H](C(=O)O)C(C)C)CC3)cc12,80,nM,7.096910013
CHEMBL3668509,COc1ccc(F)cc1-c1ccnc2[nH]c(C3=CCC(N4CCC[C@H]4C(=O)O)CC3)cc12,70,nM,7.15490196
CHEMBL3668510,COc1ccc(F)cc1-c1ccnc2[nH]c(C3=CCN(C(=O)NC#N)CC3)cc12,27,nM,7.568636236
CHEMBL3668511,COc1ccc(F)cc1-c1ccnc2[nH]c(C3=CCN(CC(=O)N4CCC[C@H]4C(N)=O)CC3)cc12,118,nM,6.928117993
CHEMBL3668512,COc1ccc(F)cc1-c1ccnc2[nH]c(C3CCN(CC(N)=O)CC3)cc12,32,nM,7.494850022
CHEMBL3668513,CNC(=O)CN1CCC(c2cc3c(-c4cc(F)ccc4OC)ccnc3[nH]2)CC1,39,nM,7.408935393
CHEMBL3668514,COc1ccc(F)cc1-c1ccnc2[nH]c(C3CCN(CC(=O)N4CCC[C@H]4CO)CC3)cc12,45,nM,7.346787486
CHEMBL3668515,COc1ccc(F)cc1-c1ccnc2[nH]c(C3=CCN(S(C)(=O)=O)CC3)c(C#N)c12,23,nM,7.638272164
CHEMBL3668516,CNC(=O)N1CC=C(c2[nH]c3nccc(-c4cc(F)ccc4OC)c3c2C#N)CC1,28,nM,7.552841969
CHEMBL3668517,CCN(C(=O)O)S(=O)(=O)NC1CC=C(c2cc3c(-c4cc(F)ccc4OC)ccnc3[nH]2)CC1,47,nM,7.327902142
CHEMBL3668518,COc1ccc(F)cc1-c1ccnc2[nH]c(C3CCN(CC(=O)N(C)CCO)CC3)cc12,56,nM,7.251811973
CHEMBL3639673,COc1ccc(F)cc1-c1ccnc2[nH]c(C3CCN(CC(=O)NC4CC(O)C4)CC3)cc12,45,nM,7.346787486
CHEMBL3668519,COc1ccc(F)cc1-c1ccnc2[nH]c(C3CCN(CC(=O)N4CC(O)C4)CC3)cc12,77,nM,7.113509275
CHEMBL3668520,COc1ccc(F)cc1-c1ccnc2[nH]c(C3=CCC(N[C@H](C(=O)O)C(C)(C)C)CC3)cc12,95,nM,7.022276395
CHEMBL3668521,COc1ccc(F)cc1-c1c(F)cnc2[nH]c(C3CCN(CC(=O)N(C)C)CC3)cc12,90,nM,7.045757491
CHEMBL3668522,COc1ccc(F)cc1-c1ccnc2[nH]c(C3=CCN(CC(=O)N(C)C)CC3)c(C#N)c12,45,nM,7.346787486
CHEMBL3668523,COc1ccccc1-c1ccnc2[nH]c(C3CCN(CC(=O)N(C)C)CC3)cc12,82,nM,7.086186148
CHEMBL3668524,COc1ccc(F)cc1-c1ccnc2[nH]c(C3=C[C@H](C)N(S(C)(=O)=O)CC3)cc12,85,nM,7.070581074
CHEMBL3668525,COc1ccc(F)cc1-c1c(F)cnc2[nH]c(C3CCN(CC(=O)N4CC(O)C4)CC3)cc12,102,nM,6.991399828
CHEMBL3668526,COc1ccc(F)cc1-c1ccnc2[nH]c(C3=CCN(CC(=O)N(C)C)[C@H](CO)C3)cc12,111,nM,6.954677021
CHEMBL3668527,COc1ccc(F)cc1-c1ccnc2[nH]c(C3=C[C@@H](CO)N(CC(=O)N(C)C)CC3)cc12,93,nM,7.031517051
CHEMBL3668528,COc1ccc(F)cc1-c1ccnc2[nH]c(C3=C[C@H]4CN(S(C)(=O)=O)C[C@H]4C3)cc12,91,nM,7.040958608
CHEMBL3668529,COc1ccc(F)cc1-c1c(F)cnc2[nH]c(C3=CCN(CC(=O)N(C)C)CC3)c(C#N)c12,101,nM,6.995678626
CHEMBL3668530,COc1ccc(F)cc1-c1c(F)cnc2[nH]c(C3=CCN(S(C)(=O)=O)CC3)c(C#N)c12,49,nM,7.30980392
CHEMBL3668531,CNC(=O)N1CC=C(c2[nH]c3ncc(F)c(-c4cc(F)ccc4OC)c3c2C#N)CC1,85,nM,7.070581074
CHEMBL3668532,COc1ccc(F)cc1-c1c(F)cnc2[nH]c(C3=CCN(CC(=O)N4CC(O)C4)CC3)c(C#N)c12,135,nM,6.869666232
CHEMBL3668533,COc1ccc(F)cc1-c1c(F)cnc2[nH]c(C3=CCN(CC(=O)N4CCC[C@@H]4CO)CC3)c(C#N)c12,149,nM,6.826813732
CHEMBL3668534,COc1ccc(F)cc1-c1ccnc2[nH]c(C3=C[C@H](CO)N(CC(=O)N(C)C)CC3)cc12,115,nM,6.93930216
CHEMBL3668535,COc1ccc(F)cc1-c1ccnc2[nH]c(C3=CCN(CC(=O)N(C)C)[C@@H](CO)C3)cc12,82,nM,7.086186148
CHEMBL3668536,COc1ccc(F)cc1-c1ccnc2[nH]c(C3=CC(C)(C)N(S(C)(=O)=O)CC3)cc12,104,nM,6.982966661
CHEMBL3668537,COc1ccc(F)cc1-c1ccnc2[nH]c(C3=CCN(S(C)(=O)=O)C(C)(C)C3)cc12,122,nM,6.913640169
CHEMBL3668538,COc1ccc(F)cc1-c1ccnc2[nH]c(C3=CCN(CC(=O)N(C)C)C(C)(C)C3)cc12,81,nM,7.091514981
CHEMBL3668539,COCCS(=O)(=O)N1CC2C=C(c3cc4c(-c5cc(F)ccc5OC)ccnc4[nH]3)CC2C1,78,nM,7.107905397
CHEMBL3668540,COc1ccc(F)cc1-c1c(C#N)cnc2[nH]c(C3CCN(CC(=O)N(C)C)CC3)cc12,90,nM,7.045757491
CHEMBL3668541,COc1ccc(F)cc1-c1ccnc2[nH]c(C3CCN(CC(=O)N(C)C4CC(O)C4)CC3)cc12,66,nM,7.180456064
CHEMBL3668542,COc1ccc(F)cc1-c1c(C#N)cnc2[nH]c(C3=CC4CN(S(C)(=O)=O)CC4C3)cc12,87,nM,7.060480747
CHEMBL3668543,COc1ccc(F)cc1-c1c(C#N)cnc2[nH]c(C3=CC4CN(CC(=O)N(C)C)CC4C3)cc12,86,nM,7.065501549
CHEMBL3668544,COc1ccc(F)cc1-c1c(F)cnc2[nH]c(C3=CCC(C(=O)O)CC3)cc12,124,nM,6.906578315
CHEMBL3668545,COc1ccc(F)cc1-c1ccnc2[nH]c(C3=CC4CN(C(=O)CO)CC4C3)cc12,71,nM,7.148741651
CHEMBL3668546,COc1ccc(F)cc1-c1ccnc2[nH]c(C3=CC4CN(C(=O)CC#N)CC4C3)cc12,77,nM,7.113509275
CHEMBL3668547,COc1ccc(F)cc1-c1c(F)cnc2[nH]c(C3=CC4CN(S(C)(=O)=O)CC4C3)cc12,117,nM,6.931814138
CHEMBL3668548,COc1ccc(F)cc1-c1c(C#N)cnc2[nH]c(C3=CCN(CC(=O)N4CCC[C@H]4CO)CC3)cc12,172,nM,6.764471553
CHEMBL3668549,CNC(=O)N1C[C@H]2C=C(c3cc4c(-c5cc(F)ccc5OC)ccnc4[nH]3)C[C@H]2C1,71,nM,7.148741651
CHEMBL3668550,CNC(=O)N1C[C@H]2CC(c3cc4c(-c5cc(F)ccc5OC)ccnc4[nH]3)=C[C@H]2C1,93,nM,7.031517051
CHEMBL3668551,CNC(=O)N1CC2C=C(c3cc4c(-c5cc(F)ccc5OC)c(F)cnc4[nH]3)CC2C1,201,nM,6.696803943
CHEMBL3668552,COc1ccc(F)cc1-c1c(F)cnc2[nH]c(C3=CC4CN(CC(=O)N(C)C)CC4C3)cc12,104,nM,6.982966661
CHEMBL3668553,COc1ccc(F)cc1-c1ccnc2[nH]c(C3=CCN([C@H]4CC[C@@H](CC(=O)O)CC4)CC3)cc12,71,nM,7.148741651
CHEMBL3668554,COc1ccc(F)cc1-c1ccnc2[nH]c(C3=CCN([C@H]4CC[C@H](CC(=O)O)CC4)CC3)cc12,57,nM,7.244125144
CHEMBL3668555,COc1ccc(F)cc1-c1c(C#N)cnc2[nH]c(C3CCN(CC(=O)N4CCC[C@H]4CO)CC3)cc12,78,nM,7.107905397
CHEMBL3668556,CNS(=O)(=O)CC(=O)N1CC2C=C(c3cc4c(-c5cc(F)ccc5OC)ccnc4[nH]3)CC2C1,93,nM,7.031517051
CHEMBL3668557,COc1ccc(F)cc1-c1ccnc2[nH]c(C3=CCN(C4CCC(C(=O)O)CC4)CC3)cc12,139,nM,6.8569852
CHEMBL3668558,COc1ccc(F)cc1-c1c(F)cnc2[nH]c(C3=CC4CN(CC(=O)N5CC(O)C5)CC4C3)cc12,70,nM,7.15490196
CHEMBL3668559,COc1ccc(F)cc1-c1c(F)cnc2[nH]c(C3=CCN(CC(=O)N4CC(O)C4)CC3)cc12,42,nM,7.37675071
CHEMBL3668560,COc1ccc(F)cc1-c1ccnc2[nH]c(C3=CC4CN(CC(=O)N5CC(O)C5)CC4C3)cc12,119,nM,6.924453039
CHEMBL3668561,COc1ccc(F)cc1-c1ccnc2[nH]c(C3=CC4CN(CC(=O)N5CCC[C@H]5CO)CC4C3)cc12,125,nM,6.903089987
CHEMBL3668562,COc1ccc(F)cc1-c1c(F)cnc2[nH]c(C3=CCN(CC(=O)N4CCC(O)CC4)CC3)cc12,83,nM,7.080921908
CHEMBL3668563,COc1ccc(F)cc1-c1c(F)cnc2[nH]c(C3=CCN(C4CCC(CC(=O)O)CC4)CC3)cc12,99,nM,7.004364805
CHEMBL3673490,COc1ccc(F)cc1-c1ccnc2[nH]c(C3=CCN(CC(=O)N4CC(O)C4)C(C)(C)C3)cc12,83,nM,7.080921908
CHEMBL3673491,COc1ccc(F)cc1-c1ccnc2[nH]c(C3=CC4CN(C(=O)C5CC(O)C5)CC4C3)cc12,115,nM,6.93930216
CHEMBL3673492,COc1ccc(F)cc1-c1c(C#N)cnc2[nH]c(C3=CC4CN(CC(=O)N5CCC[C@H]5CO)CC4C3)cc12,138,nM,6.860120914
CHEMBL3673493,Fc1cccc(CNc2cc(-c3ccnc4[nH]c(C5CCNCC5)cc34)c(Cl)cn2)c1,15,nM,7.823908741
CHEMBL3673494,NC1CCCC(c2cc3c(-c4cccc(NCc5cccc(F)c5)n4)ccnc3[nH]2)C1,9,nM,8.045757491
CHEMBL3673495,Fc1cccc(-c2ccnc3[nH]c(C4=CCNCC4)cc23)n1,240,nM,6.619788758
CHEMBL3673496,CS(=O)(=O)N1CC=C(c2cc3c(-c4cccc(F)n4)ccnc3[nH]2)CC1,250,nM,6.602059991
CHEMBL3673497,CS(=O)(=O)N1CC=C(c2cc3c(-c4cccc(NCc5c(F)cccc5F)n4)ccnc3[nH]2)CC1,170,nM,6.769551079
CHEMBL3673498,CS(=O)(=O)N1CC=C(c2cc3c(-c4cccc(NCc5ccccc5Cl)n4)ccnc3[nH]2)CC1,490,nM,6.30980392
CHEMBL3673499,CS(=O)(=O)N1CC=C(c2cc3c(-c4cccc(NCC5CC5)n4)ccnc3[nH]2)CC1,260,nM,6.585026652
CHEMBL3673500,CS(=O)(=O)N1CCC(c2cc3c(-c4cncc(NCc5ccccc5)n4)ccnc3[nH]2)CC1,15,nM,7.823908741
CHEMBL3673501,c1ccc(CNc2cncc(-c3ccnc4[nH]c(C5CCNCC5)cc34)n2)cc1,5,nM,8.301029996
CHEMBL3673502,c1cc(-c2cncc(NCC3CCOCC3)n2)c2cc(C3CCNCC3)[nH]c2n1,31,nM,7.508638306
CHEMBL3673503,Fc1cc(F)cc(CNc2cncc(-c3ccnc4[nH]c(C5CCNCC5)cc34)n2)c1,5,nM,8.301029996
CHEMBL3673504,Fc1cccc(CNc2cncc(-c3ccnc4[nH]c(C5CCNCC5)cc34)n2)c1,10,nM,8
CHEMBL3673505,c1cncc(CNc2cncc(-c3ccnc4[nH]c(C5CCNCC5)cc34)n2)c1,29,nM,7.537602002
CHEMBL3673506,c1cc(CNc2cncc(-c3ccnc4[nH]c(C5CCNCC5)cc34)n2)ccn1,36,nM,7.443697499
CHEMBL3673507,Fc1ccc(CNc2cncc(-c3ccnc4[nH]c(C5CCNCC5)cc34)n2)cc1F,9,nM,8.045757491
CHEMBL3673508,O=C(CO)N1CCC(c2cc3c(-c4cncc(NCc5cc(F)cc(F)c5)n4)ccnc3[nH]2)CC1,31,nM,7.508638306
CHEMBL3673509,O=C(CO)N1CCC(c2cc3c(-c4cncc(NCc5cccc(F)c5)n4)ccnc3[nH]2)CC1,11,nM,7.958607315
CHEMBL3673510,O=C(CO)N1CCC(c2cc3c(-c4cncc(NCc5ccccc5)n4)ccnc3[nH]2)CC1,40,nM,7.397940009
CHEMBL3673511,CN1CCC(c2cc3c(-c4cncc(N(C)Cc5ccccc5)n4)ccnc3[nH]2)CC1,620,nM,6.207608311
CHEMBL3673512,CN1CCC(c2cc3c(-c4cncc(NCc5ccccc5)n4)ccnc3[nH]2)CC1,10,nM,8
CHEMBL3673513,CC(=O)N1CCC(c2cc3c(-c4cncc(NCc5ccccc5)n4)ccnc3[nH]2)CC1,30,nM,7.522878745
CHEMBL3673514,OCC(O)CN1CCC(c2cc3c(-c4cncc(NCc5ccccc5)n4)ccnc3[nH]2)CC1,28,nM,7.552841969
CHEMBL3673515,CCN(C(=O)O)S(=O)(=O)N1CCC(c2cc3c(-c4cncc(NCc5ccccc5)n4)ccnc3[nH]2)CC1,15,nM,7.823908741
CHEMBL3673516,Fc1ccc(Cl)nc1-c1ccnc2[nH]c(C3CCNCC3)cc12,2600,nM,5.585026652
CHEMBL3673517,Fc1cccc(COc2cncc(-c3ccnc4[nH]c(C5CCNCC5)cc34)n2)c1,12,nM,7.920818754
CHEMBL3673518,CN1CCC(c2cc3c(-c4cncc(NCc5cccc(F)c5)n4)ccnc3[nH]2)CC1,14,nM,7.853871964
CHEMBL3673519,CC(=O)N1CCC(c2cc3c(-c4cncc(NCc5cccc(F)c5)n4)ccnc3[nH]2)CC1,21,nM,7.677780705
CHEMBL3673520,CN1CCC(c2cc3c(-c4cncc(OCc5cccc(F)c5)n4)ccnc3[nH]2)CC1,13,nM,7.886056648
CHEMBL3673521,C1=C(c2cc3c(-c4cncc(NCc5ccccc5)n4)ccnc3[nH]2)CCNC1,15,nM,7.823908741
CHEMBL3673522,O=C(CO)N1CCC(c2cc3c(-c4cncc(OCc5cccc(F)c5)n4)ccnc3[nH]2)CC1,27,nM,7.568636236
CHEMBL3673523,OCC(O)CN1CCC(c2cc3c(-c4cncc(OCc5cccc(F)c5)n4)ccnc3[nH]2)CC1,11,nM,7.958607315
CHEMBL3673524,CCOC(=O)NS(=O)(=O)N1CCC(c2cc3c(-c4cncc(NCc5cccc(F)c5)n4)ccnc3[nH]2)CC1,14,nM,7.853871964
CHEMBL3673525,CNC(=O)N1CCC(c2cc3c(-c4cncc(NCc5ccccc5)n4)ccnc3[nH]2)CC1,35,nM,7.455931956
CHEMBL3673526,CNC(=O)N1CCC(c2cc3c(-c4cncc(NCc5cccc(F)c5)n4)ccnc3[nH]2)CC1,19,nM,7.721246399
CHEMBL3673527,CS(=O)(=O)N1CCC(c2cc3c(-c4cncc(OCc5cccc(F)c5)n4)ccnc3[nH]2)CC1,60,nM,7.22184875
CHEMBL3673528,CC(=O)N1CCC(c2cc3c(-c4cncc(OCc5cccc(F)c5)n4)ccnc3[nH]2)CC1,24,nM,7.619788758
CHEMBL3673529,CNC(=O)N1CCC(c2cc3c(-c4cncc(OCc5cccc(F)c5)n4)ccnc3[nH]2)CC1,45,nM,7.346787486
CHEMBL3673530,Fc1cccc(CNc2cncc(-c3ccnc4[nH]c(C5=CCNCC5)cc34)n2)c1,9,nM,8.045757491
CHEMBL3673531,OCC(O)CN1CC=C(c2cc3c(-c4cncc(NCc5cccc(F)c5)n4)ccnc3[nH]2)CC1,14,nM,7.853871964
CHEMBL3673532,Fc1cccc(COc2cncc(-c3ccnc4[nH]c(C5=CCNCC5)cc34)n2)c1,7,nM,8.15490196
CHEMBL3673533,CNC(=O)N1CC=C(c2cc3c(-c4cncc(NCc5cccc(F)c5)n4)ccnc3[nH]2)CC1,17,nM,7.769551079
CHEMBL3673534,CN1CCC(c2cc3c(-c4cncc(NCc5cccnc5)n4)ccnc3[nH]2)CC1,41,nM,7.387216143
CHEMBL3673535,OCC(O)CN1CCC(c2cc3c(-c4cncc(NCc5cccnc5)n4)ccnc3[nH]2)CC1,43,nM,7.366531544
CHEMBL3673536,O=C(CO)N1CCC(c2cc3c(-c4cncc(NCc5cccnc5)n4)ccnc3[nH]2)CC1,81,nM,7.091514981
CHEMBL3673537,CNC(=O)N1CCC(c2cc3c(-c4cncc(NCc5cccnc5)n4)ccnc3[nH]2)CC1,66,nM,7.180456064
CHEMBL3673538,O=C(CO)N1CC=C(c2cc3c(-c4cncc(NCc5cccc(F)c5)n4)ccnc3[nH]2)CC1,9,nM,8.045757491
CHEMBL3673539,CS(=O)(=O)N1CC=C(c2cc3c(-c4cncc(OCc5cccc(F)c5)n4)ccnc3[nH]2)CC1,8,nM,8.096910013
CHEMBL3673540,Fc1cccc(CNc2nc(-c3ccnc4[nH]c(C5CCNCC5)cc34)c(F)cc2F)c1,2,nM,8.698970004
CHEMBL3673541,CNC(=O)N1CC=C(c2cc3c(-c4cncc(OCc5cccc(F)c5)n4)ccnc3[nH]2)CC1,2,nM,8.698970004
CHEMBL3673542,O=C(CO)N1CC=C(c2cc3c(-c4cncc(OCc5cccc(F)c5)n4)ccnc3[nH]2)CC1,2,nM,8.698970004
CHEMBL3673543,CS(=O)(=O)N1CC=C(c2cc3c(-c4nc(NCc5cccc(F)c5)c(F)cc4F)ccnc3[nH]2)CC1,110,nM,6.958607315
CHEMBL3673544,CNC(=O)N1CCC(c2cc3c(-c4nc(NCc5cccc(F)c5)c(F)cc4F)ccnc3[nH]2)CC1,10,nM,8
CHEMBL3673545,O=C(CO)N1CCC(c2cc3c(-c4nc(NCc5cccc(F)c5)c(F)cc4F)ccnc3[nH]2)CC1,6,nM,8.22184875
CHEMBL3673546,O=C(O)C1CC=C(c2cc3c(-c4cncc(NCc5ccccc5)n4)ccnc3[nH]2)CC1,21,nM,7.677780705
CHEMBL3673547,CNC(=O)C1CC=C(c2cc3c(-c4cncc(NCc5ccccc5)n4)ccnc3[nH]2)CC1,11,nM,7.958607315
CHEMBL3673548,O=C(O)C1CC=C(c2cc3c(-c4cncc(NCc5cccc(F)c5)n4)ccnc3[nH]2)CC1,44,nM,7.356547324
CHEMBL3673549,O=C(O)C1CC=C(c2cc3c(-c4cncc(OCc5cccc(F)c5)n4)ccnc3[nH]2)CC1,18,nM,7.744727495
CHEMBL3673550,CNC(=O)C1CC=C(c2cc3c(-c4cncc(OCc5cccc(F)c5)n4)ccnc3[nH]2)CC1,84,nM,7.075720714
CHEMBL3673551,NC(=O)C1CC=C(c2cc3c(-c4cncc(OCc5cccc(F)c5)n4)ccnc3[nH]2)CC1,87,nM,7.060480747
CHEMBL3673552,NC(=O)C1CC=C(c2cc3c(-c4cncc(NCc5cccc(F)c5)n4)ccnc3[nH]2)CC1,44,nM,7.356547324
CHEMBL3673553,NC(=O)C1CC=C(c2cc3c(-c4cncc(NCc5ccccc5)n4)ccnc3[nH]2)CC1,2200,nM,5.657577319
CHEMBL3673554,COc1ccc(F)cc1-c1ccnc2[nH]c(C3=CCN(CC(=O)OC(C)(C)C)CC3)cc12,570,nM,6.244125144
CHEMBL3906489,CCOC(=O)N=S(C)(=O)Cc1cccc(Nc2ncc(F)c(-c3ccc(F)cc3OC)n2)c1,8,nM,8.096910013
CHEMBL3965161,COc1cc(F)ccc1-c1nc(Nc2cccc(CS(C)(=N)=O)c2)ncc1F,15,nM,7.823908741
CHEMBL3900262,CCOC(=O)N=S(C)(=O)Cc1cccc(Nc2ncc(F)c(-c3ccc(F)cc3OCc3ccccc3)n2)c1,9,nM,8.045757491
CHEMBL3927078,CS(=N)(=O)Cc1cccc(Nc2ncc(F)c(-c3ccc(F)cc3OCc3ccccc3)n2)c1,9,nM,8.045757491
CHEMBL3949057,CCOC(=O)N=S(C)(=O)Cc1cccc(Nc2ncc(F)c(-c3cccc4c3OCCC4)n2)c1,14,nM,7.853871964
CHEMBL3978185,CS(=N)(=O)Cc1cccc(Nc2ncc(F)c(-c3cccc4c3OCCC4)n2)c1,8,nM,8.096910013
CHEMBL3892285,CS(=O)(Cc1cccc(Nc2ncc(F)c(-c3ccc(F)cc3OCc3ccccc3)n2)c1)=NC#N,35,nM,7.455931956
CHEMBL3916775,CNC(=O)N=S(C)(=O)Cc1cccc(Nc2ncc(F)c(-c3ccc(F)cc3OC)n2)c1,7,nM,8.15490196
CHEMBL3934755,CCOC(=O)N=S(C)(=O)Cc1cc(F)cc(Nc2ncc(F)c(-c3ccc(F)cc3OC)n2)c1,8,nM,8.096910013
CHEMBL3962241,COc1cc(F)ccc1-c1nc(Nc2cc(F)cc(CS(C)(=N)=O)c2)ncc1F,5,nM,8.301029996
CHEMBL3960348,COc1cc(F)ccc1-c1nc(Nc2cccc(CS(C)(=O)=NC#N)c2)ncc1F,3,nM,8.522878745
CHEMBL3959283,CCS(=O)(Cc1cccc(Nc2ncc(F)c(-c3ccc(F)cc3OC)n2)c1)=NC#N,2,nM,8.698970004
CHEMBL3976450,CCS(=N)(=O)Cc1cccc(Nc2ncc(F)c(-c3ccc(F)cc3OC)n2)c1,5,nM,8.301029996
CHEMBL3973367,COc1cc(F)ccc1-c1nc(Nc2cc(F)c(F)c(CS(C)(=O)=NC#N)c2)ncc1F,2,nM,8.698970004
CHEMBL3897217,COc1cc(F)ccc1-c1nc(Nc2cc(F)c(F)c(CS(C)(=N)=O)c2)ncc1F,4,nM,8.397940009
CHEMBL3919796,COc1cc(F)ccc1-c1nc(Nc2cc(Br)cc(CS(C)(=O)=NC#N)c2)ncc1F,4,nM,8.397940009
CHEMBL3946675,COc1cc(F)ccc1-c1nc(Nc2cc(Br)cc(CS(C)(=N)=O)c2)ncc1F,2,nM,8.698970004
CHEMBL3934141,COc1cc(CS(C)(=O)=NC#N)cc(Nc2ncc(F)c(-c3ccc(F)cc3OC)n2)c1,4,nM,8.397940009
CHEMBL3960677,COc1cc(CS(C)(=N)=O)cc(Nc2ncc(F)c(-c3ccc(F)cc3OC)n2)c1,3,nM,8.522878745
CHEMBL3923419,CCOc1cc(F)ccc1-c1nc(Nc2cc(F)cc(CS(C)(=O)=NC#N)c2)ncc1F,5,nM,8.301029996
CHEMBL3959867,CCOc1cc(F)ccc1-c1nc(Nc2cc(F)cc(CS(C)(=N)=O)c2)ncc1F,6,nM,8.22184875
CHEMBL3937866,COc1cc(F)ccc1-c1nc(Nc2cc(CS(C)(=O)=NC#N)cc(C(F)(F)F)c2)ncc1F,4,nM,8.397940009
CHEMBL3905335,COc1cc(F)ccc1-c1nc(Nc2cc(CS(C)(=N)=O)cc(C(F)(F)F)c2)ncc1F,2,nM,8.698970004
CHEMBL3979266,CCS(=O)(Cc1cc(F)cc(Nc2ncc(F)c(-c3ccc(F)cc3OC)n2)c1)=NC#N,2,nM,8.698970004
CHEMBL3917892,CCS(=N)(=O)Cc1cc(F)cc(Nc2ncc(F)c(-c3ccc(F)cc3OC)n2)c1,6,nM,8.22184875
CHEMBL3984385,COc1cc(F)ccc1-c1nc(Nc2cc(CS(C)(=O)=NC#N)cc(C(F)(F)C(F)(F)F)c2)ncc1F,25,nM,7.602059991
CHEMBL3912866,COc1cc(F)ccc1-c1nc(Nc2cc(CS(C)(=N)=O)cc(C(F)(F)C(F)(F)F)c2)ncc1F,6,nM,8.22184875
CHEMBL3944304,COc1cc(F)ccc1-c1nc(Nc2cccc(CS(=O)(=NC#N)C3CC3)c2)ncc1F,2,nM,8.698970004
CHEMBL3921855,COc1cc(F)ccc1-c1nc(Nc2cccc(CS(=N)(=O)C3CC3)c2)ncc1F,14,nM,7.853871964
CHEMBL3949630,COc1cc(F)ccc1-c1nc(Nc2cc(F)cc(CS(=O)(=NC#N)C3CC3)c2)ncc1F,6,nM,8.22184875
CHEMBL3934257,COc1cc(F)ccc1-c1nc(Nc2cc(F)cc(CS(=N)(=O)C3CC3)c2)ncc1F,9,nM,8.045757491
CHEMBL3972796,CCOC(=O)N=S(C)(=O)Cc1cccc(Nc2ncc(F)c(-c3cccc4c3OCC4)n2)c1,9,nM,8.045757491
CHEMBL3892881,CS(=N)(=O)Cc1cccc(Nc2ncc(F)c(-c3ccc(F)cc3OCc3ccc(F)cc3)n2)c1,5,nM,8.301029996
CHEMBL3967588,COc1cc(F)ccc1-c1nc(Nc2cc(Cl)cc(CS(C)(=O)=NC#N)c2)ncc1F,4,nM,8.397940009
CHEMBL3981911,COc1cc(F)ccc1-c1nc(Nc2cc(Cl)cc(CS(C)(=N)=O)c2)ncc1F,5,nM,8.301029996
CHEMBL3953160,COc1cc(F)ccc1-c1nc(Nc2cc(C)cc(CS(C)(=O)=NC#N)c2)ncc1F,3,nM,8.522878745
CHEMBL3932396,COCCOC(=O)N=S(C)(=O)Cc1cc(F)cc(Nc2ncc(F)c(-c3ccc(F)cc3OC)n2)c1,3,nM,8.522878745
CHEMBL3950787,CN1Cc2c(C3=CCNCC3)[nH]c3nccc(c23)-c2cc(F)ccc21,21,nM,7.677780705
CHEMBL3914748,CN1Cc2c(C3=CCN(C(=O)OC(C)(C)C)CC3)[nH]c3nccc(c23)-c2cc(F)ccc21,230,nM,6.638272164
CHEMBL3984563,CCOC(=O)NS(=O)(=O)N1CC=C(c2[nH]c3nccc4c3c2CN(C)c2ccc(F)cc2-4)CC1,47,nM,7.327902142
CHEMBL3923769,CN1Cc2c(C3=CCN(S(C)(=O)=O)CC3)[nH]c3nccc(c23)-c2cc(F)ccc21,25,nM,7.602059991
CHEMBL3899222,CS(=O)(=O)N1CC=C(c2[nH]c3nccc4c3c2CNc2ccc(F)cc2-4)CC1,62,nM,7.207608311
CHEMBL3900378,CCCN1Cc2c(C3=CCN(S(C)(=O)=O)CC3)[nH]c3nccc(c23)-c2cc(F)ccc21,340,nM,6.468521083
CHEMBL3971492,CS(=O)(=O)N1CC=C(c2[nH]c3nccc4c3c2CN(CC2CCOCC2)c2ccc(F)cc2-4)CC1,800,nM,6.096910013
CHEMBL3909386,CCC1c2c(C3=CCN(C(=O)OC(C)(C)C)CC3)[nH]c3nccc(c23)-c2cc(F)ccc2N1C,1400,nM,5.853871964
CHEMBL3976491,CCC1c2c(C3=CCNCC3)[nH]c3nccc(c23)-c2cc(F)ccc2N1C,48,nM,7.318758763
CHEMBL3972845,CN1c2ccc(F)cc2-c2ccnc3[nH]c(C4=CCNCC4)c(c23)C1c1cnn(C)c1,230,nM,6.638272164
CHEMBL3894563,CCC1c2c(C3=CCN(S(C)(=O)=O)CC3)[nH]c3nccc(c23)-c2cc(F)ccc2N1C,120,nM,6.920818754
CHEMBL3914190,CN(C)C(=O)CN1CC=C(c2[nH]c3nccc4c3c2CN(C)c2ccc(F)cc2-4)CC1,51,nM,7.292429824
CHEMBL3938690,CNC(=O)N1CC=C(c2[nH]c3nccc4c3c2CN(C)c2ccc(F)cc2-4)CC1,30,nM,7.522878745
CHEMBL3901726,Fc1ccc2c(c1)-c1ccnc3[nH]c(C4=CCNCC4)c(c13)CO2,20,nM,7.698970004
CHEMBL3929678,CS(=O)(=O)N1CC=C(c2[nH]c3nccc4c3c2COc2ccc(F)cc2-4)CC1,94,nM,7.026872146
CHEMBL3892764,CN1Cc2c(C3=CCN(CC(=O)O)CC3)[nH]c3nccc(c23)-c2cc(F)ccc21,61,nM,7.214670165
CHEMBL3924254,CN1Cc2c(C3=CCN(CC(=O)N4CCC[C@H]4CO)CC3)[nH]c3nccc(c23)-c2cc(F)ccc21,70,nM,7.15490196
CHEMBL3985050,CN1Cc2c(C3=CCN(CC(=O)N4CC(O)C4)CC3)[nH]c3nccc(c23)-c2cc(F)ccc21,44,nM,7.356547324
CHEMBL3915267,CN(CCO)C(=O)CN1CC=C(c2[nH]c3nccc4c3c2CN(C)c2ccc(F)cc2-4)CC1,48,nM,7.318758763
CHEMBL3922015,CC1c2c(C3=CCN(S(C)(=O)=O)CC3)[nH]c3nccc(c23)-c2cc(F)ccc2N1C,110,nM,6.958607315
CHEMBL3946356,CN1Cc2c(C3CCNCC3)[nH]c3nccc(c23)-c2cc(F)ccc21,400,nM,6.397940009
CHEMBL3943802,CN1Cc2c(C3CCN(CC(=O)OC(C)(C)C)CC3)[nH]c3nccc(c23)-c2cc(F)ccc21,2800,nM,5.552841969
CHEMBL3976471,CN1Cc2c(C3CCN(CC(=O)O)CC3)[nH]c3nccc(c23)-c2cc(F)ccc21,150,nM,6.823908741
CHEMBL3938400,CN1Cc2c(C3=CCN(CC(=O)N(C)C4CC(O)C4)CC3)[nH]c3nccc(c23)-c2cc(F)ccc21,40,nM,7.397940009
CHEMBL3967958,CNS(=O)(=O)CC(=O)N1CC=C(c2[nH]c3nccc4c3c2CN(C)c2ccc(F)cc2-4)CC1,22,nM,7.657577319
CHEMBL3967032,CN1Cc2c(C3CCN(CC(=O)N4CCC[C@H]4CO)CC3)[nH]c3nccc(c23)-c2cc(F)ccc21,93,nM,7.031517051
CHEMBL3892247,CN(CCO)C(=O)CN1CCC(c2[nH]c3nccc4c3c2CN(C)c2ccc(F)cc2-4)CC1,91,nM,7.040958608
CHEMBL3952541,CCOC(=O)C1c2c(C3=CCNCC3)[nH]c3nccc(c23)-c2cc(F)ccc2N1C,150,nM,6.823908741
CHEMBL3981309,CC(C)[C@@H](NC1CC=C(c2[nH]c3nccc4c3c2CN(C)c2ccc(F)cc2-4)CC1)C(=O)O,46,nM,7.337242168
CHEMBL3936047,C[C@H](NC1CC=C(c2[nH]c3nccc4c3c2CN(C)c2ccc(F)cc2-4)CC1)C(=O)O,100,nM,7
CHEMBL3969174,CN1Cc2c(C3=CCC(NCC(=O)O)CC3)[nH]c3nccc(c23)-c2cc(F)ccc21,86,nM,7.065501549
CHEMBL3976947,CN1Cc2c(C3=CCC(N[C@H](C(=O)O)c4ccccc4)CC3)[nH]c3nccc(c23)-c2cc(F)ccc21,56,nM,7.251811973
CHEMBL3947668,CN1c2ccc(F)cc2-c2ccnc3[nH]c(C4=CCNCC4)c(c23)C1C(=O)O,540,nM,6.26760624
CHEMBL3985017,CC(C)[C@H](NC1CC=C(c2[nH]c3nccc4c3c2CN(C)c2ccc(F)cc2-4)CC1)C(=O)O,120,nM,6.920818754
CHEMBL3953020,CN1Cc2c(C3=CCC(N[C@@H](Cc4ccccc4)C(=O)O)CC3)[nH]c3nccc(c23)-c2cc(F)ccc21,61,nM,7.214670165
CHEMBL3932928,CN1Cc2c(C3=CCC(N[C@H](C(=O)O)C(C)(C)C)CC3)[nH]c3nccc(c23)-c2cc(F)ccc21,64,nM,7.193820026
CHEMBL3961728,CN1Cc2c(C3=CCC(N4CCC[C@H]4C(=O)O)CC3)[nH]c3nccc(c23)-c2cc(F)ccc21,160,nM,6.795880017
CHEMBL3911825,CN1Cc2c(C3=CCC(N[C@@H](CO)C(=O)O)CC3)[nH]c3nccc(c23)-c2cc(F)ccc21,91,nM,7.040958608
CHEMBL3975945,CCC[C@H](NC1CC=C(c2[nH]c3nccc4c3c2CN(C)c2ccc(F)cc2-4)CC1)C(=O)O,130,nM,6.886056648
CHEMBL3969672,CN1Cc2c(C3=CCC(N[C@@H](Cc4ccc(O)cc4)C(=O)O)CC3)[nH]c3nccc(c23)-c2cc(F)ccc21,81,nM,7.091514981
CHEMBL3940113,CN1Cc2c(C3=CCC(C(=O)O)CC3)[nH]c3nccc(c23)-c2cc(F)ccc21,150,nM,6.823908741
CHEMBL3971127,CN1Cc2c(C3=CCN(CC(=O)N4CC[C@H](O)C4)CC3)[nH]c3nccc(c23)-c2cc(F)ccc21,48,nM,7.318758763
CHEMBL3899955,CN1Cc2c(-c3ccc(S(C)(=O)=O)cc3)[nH]c3nccc(c23)-c2cc(F)ccc21,66,nM,7.180456064
CHEMBL3982411,CN1Cc2c(-c3ccncc3)[nH]c3nccc(c23)-c2cc(F)ccc21,130,nM,6.886056648
CHEMBL3909010,CN1Cc2c(-c3ccc(S(C)(=O)=O)nc3)[nH]c3nccc(c23)-c2cc(F)ccc21,110,nM,6.958607315
CHEMBL3954733,CN1Cc2c(-c3cnc(N)nc3)[nH]c3nccc(c23)-c2cc(F)ccc21,3300,nM,5.48148606
CHEMBL3983369,CN1Cc2c(-c3ccc(C(=O)O)cc3)[nH]c3nccc(c23)-c2cc(F)ccc21,150,nM,6.823908741
CHEMBL3960058,CN1Cc2c(C3=CCNCC3)[nH]c3ncc(F)c(c23)-c2cc(F)ccc21,27,nM,7.568636236
CHEMBL3919798,CN1Cc2c(C3=CCN(C(=O)OC(C)(C)C)CC3)[nH]c3ncc(F)c(c23)-c2cc(F)ccc21,780,nM,6.107905397
CHEMBL3961213,CN(C)C(=O)C1CC=C(c2[nH]c3nccc4c3c2CN(C)c2ccc(F)cc2-4)CC1,120,nM,6.920818754
CHEMBL3892232,CN1Cc2c(C3=CCC(C(=O)N4CC(O)C4)CC3)[nH]c3nccc(c23)-c2cc(F)ccc21,110,nM,6.958607315
CHEMBL3975721,CNC(=O)C1CC=C(c2[nH]c3nccc4c3c2CN(C)c2ccc(F)cc2-4)CC1,63,nM,7.200659451
CHEMBL3942947,CN1Cc2c(C3=CCN(CC(=O)N(CCO)CCO)CC3)[nH]c3nccc(c23)-c2cc(F)ccc21,57,nM,7.244125144
CHEMBL3967245,CN1Cc2c(C3=CCN(CC(=O)N4CC(F)(F)C4)CC3)[nH]c3nccc(c23)-c2cc(F)ccc21,63,nM,7.200659451
CHEMBL3937565,CN(C)C(=O)CN1[C@H]2CC[C@@H]1C=C(c1[nH]c3nccc4c3c1CN(C)c1ccc(F)cc1-4)C2,160,nM,6.795880017
CHEMBL3901001,CN1Cc2c(C3=C[C@H]4CC[C@@H](C3)N4S(C)(=O)=O)[nH]c3nccc(c23)-c2cc(F)ccc21,96,nM,7.017728767
CHEMBL3966259,CNC(=O)N1[C@H]2CC[C@@H]1C=C(c1[nH]c3nccc4c3c1CN(C)c1ccc(F)cc1-4)C2,200,nM,6.698970004
CHEMBL3980578,CN1Cc2c(C3=C[C@H]4CC[C@@H](C3)N4CC(=O)O)[nH]c3nccc(c23)-c2cc(F)ccc21,170,nM,6.769551079
CHEMBL3951695,CN1Cc2c(C3=CC4CNCC4C3)[nH]c3nccc(c23)-c2cc(F)ccc21,88,nM,7.055517328
CHEMBL3958055,CN1Cc2c(-c3cccnc3)[nH]c3nccc(c23)-c2cc(F)ccc21,75,nM,7.124938737
CHEMBL3979619,CCOC(=O)C1CC=C(c2[nH]c3nccc4c3c2CN(C)c2ccc(F)cc2-4)CC1,400,nM,6.397940009
CHEMBL3975203,CN1Cc2c(C3=C[C@H]4CC[C@@H](C3)N4)[nH]c3nccc(c23)-c2cc(F)ccc21,46,nM,7.337242168
CHEMBL3900836,CN(CC(O)CO)C(=O)CN1CC=C(c2[nH]c3nccc4c3c2CN(C)c2ccc(F)cc2-4)CC1,38,nM,7.420216403
CHEMBL3960860,CN1Cc2c(C3=CCN(CC(=O)N4CCC[C@@H]4CO)CC3)[nH]c3nccc(c23)-c2cc(F)ccc21,62,nM,7.207608311
CHEMBL3952232,CN1Cc2c(C3=CCN(CC(=O)OC(C)(C)C)CC3)[nH]c3ncc(F)c(c23)-c2cc(F)ccc21,100,nM,7
CHEMBL3952162,CN(C)C(=O)CN1CC=C(c2[nH]c3ncc(F)c4c3c2CN(C)c2ccc(F)cc2-4)CC1,44,nM,7.356547324
CHEMBL3984185,CN1Cc2c(C3=CCN(CC(=O)O)CC3)[nH]c3ncc(F)c(c23)-c2cc(F)ccc21,48,nM,7.318758763
CHEMBL3946855,CN1Cc2c(C3=CCN(S(C)(=O)=O)CC3)[nH]c3ncc(F)c(c23)-c2cc(F)ccc21,38,nM,7.420216403
CHEMBL3976153,COCCS(=O)(=O)N1CC2C=C(c3[nH]c4nccc5c4c3CN(C)c3ccc(F)cc3-5)CC2C1,80,nM,7.096910013
CHEMBL3982110,CN1Cc2c(C3=CCN(CC(=O)N4CCC[C@H]4CO)CC3)[nH]c3ncc(F)c(c23)-c2cc(F)ccc21,86,nM,7.065501549
CHEMBL3908656,CN(CCO)C(=O)CN1CC=C(c2[nH]c3ncc(F)c4c3c2CN(C)c2ccc(F)cc2-4)CC1,100,nM,7
CHEMBL3899072,CN1Cc2c(C3=CCN(CC(=O)N4CC(O)C4)CC3)[nH]c3ncc(F)c(c23)-c2cc(F)ccc21,79,nM,7.102372909
CHEMBL3970274,CN1Cc2c(C3=CCN(CC(=O)N4CC[C@H](O)C4)CC3)[nH]c3ncc(F)c(c23)-c2cc(F)ccc21,52,nM,7.283996656
CHEMBL3908119,CN1Cc2c(C3=CCN(CC(=O)N4CC(CO)C4)CC3)[nH]c3ncc(F)c(c23)-c2cc(F)ccc21,89,nM,7.050609993
CHEMBL3981660,CN1Cc2c(C3=CCN(CC(=O)N4CCC[C@@H]4CO)CC3)[nH]c3ncc(F)c(c23)-c2cc(F)ccc21,51,nM,7.292429824
CHEMBL3982622,CNC(=O)N1CC2C=C(c3[nH]c4nccc5c4c3CN(C)c3ccc(F)cc3-5)CC2C1,41,nM,7.387216143
CHEMBL3953940,CN(C)C(=O)CN1CC2C=C(c3[nH]c4nccc5c4c3CN(C)c3ccc(F)cc3-5)CC2C1,46,nM,7.337242168
CHEMBL3914697,CN1Cc2c(C3=CC4CN(S(C)(=O)=O)CC4C3)[nH]c3nccc(c23)-c2cc(F)ccc21,62,nM,7.207608311
CHEMBL3959178,CN1Cc2c(C3=C[C@H]4CC[C@@H](C3)N4CC(=O)N3CCC[C@H]3CO)[nH]c3nccc(c23)-c2cc(F)ccc21,72,nM,7.142667504
CHEMBL3906898,CN1Cc2c(C3=C[C@H]4CC[C@@H](C3)N4CC(=O)N3CC(O)C3)[nH]c3nccc(c23)-c2cc(F)ccc21,97,nM,7.013228266
CHEMBL3977523,CN1Cc2c(-c3ccc(CC(=O)O)cc3)[nH]c3nccc(c23)-c2cc(F)ccc21,68,nM,7.167491087
CHEMBL3927646,CN1Cc2c(-c3cccc(CC(=O)O)c3)[nH]c3nccc(c23)-c2cc(F)ccc21,100,nM,7
CHEMBL3919423,CN(CC(O)CO)C(=O)CN1[C@H]2CC[C@@H]1C=C(c1[nH]c3nccc4c3c1CN(C)c1ccc(F)cc1-4)C2,140,nM,6.853871964
CHEMBL3933775,CN1Cc2c(C3=CC4CN(CC(=O)N5CC(O)C5)CC4C3)[nH]c3nccc(c23)-c2cc(F)ccc21,94,nM,7.026872146
CHEMBL3986185,CN(CC(O)CO)C(=O)CN1CC2C=C(c3[nH]c4nccc5c4c3CN(C)c3ccc(F)cc3-5)CC2C1,99,nM,7.004364805
CHEMBL3959305,CN(CCO)C(=O)CN1CC2C=C(c3[nH]c4nccc5c4c3CN(C)c3ccc(F)cc3-5)CC2C1,43,nM,7.366531544
CHEMBL3942621,CN1Cc2c(C3=CCCNCC3)[nH]c3nccc(c23)-c2cc(F)ccc21,90,nM,7.045757491
CHEMBL3927123,CN(C)C(=O)CN1CCC=C(c2[nH]c3nccc4c3c2CN(C)c2ccc(F)cc2-4)CC1,150,nM,6.823908741
CHEMBL3951345,CN1Cc2c(C3=CCCN(S(C)(=O)=O)CC3)[nH]c3nccc(c23)-c2cc(F)ccc21,120,nM,6.920818754
CHEMBL3892477,CN1Cc2c(C3=CCCN(CC(=O)O)CC3)[nH]c3nccc(c23)-c2cc(F)ccc21,170,nM,6.769551079
CHEMBL3920469,CN1Cc2c(C3=CCCN(CC(=O)N4CC(O)C4)CC3)[nH]c3nccc(c23)-c2cc(F)ccc21,180,nM,6.744727495
CHEMBL3915748,CN1Cc2c(C3=CCNCC3(C)C)[nH]c3nccc(c23)-c2cc(F)ccc21,420,nM,6.37675071
CHEMBL3934364,CN1Cc2c(C3=CCCNC3)[nH]c3nccc(c23)-c2cc(F)ccc21,46,nM,7.337242168
CHEMBL3949735,CN1Cc2c(C3=CC4CN(CC(=O)N(C)C5CC(O)C5)CC4C3)[nH]c3nccc(c23)-c2cc(F)ccc21,100,nM,7
CHEMBL3921963,CN1Cc2c(C3=CCCN(S(C)(=O)=O)C3)[nH]c3nccc(c23)-c2cc(F)ccc21,130,nM,6.886056648
CHEMBL3944411,CNC(=O)N1CCC=C(c2[nH]c3nccc4c3c2CN(C)c2ccc(F)cc2-4)C1,180,nM,6.744727495
CHEMBL3941083,CN(C)C(=O)CN1CCC=C(c2[nH]c3nccc4c3c2CN(C)c2ccc(F)cc2-4)C1,420,nM,6.37675071
CHEMBL4113920,CN1Cc2c(C3=C[C@H]4CC[C@@H](C3)N4CC(=O)N(C)C3CC(O)C3)[nH]c3nccc(c23)-c2cc(F)ccc21,73,nM,7.13667714
CHEMBL3935574,CN1Cc2c(C3=CC4CCCC(C3)N4S(C)(=O)=O)[nH]c3nccc(c23)-c2cc(F)ccc21,400,nM,6.397940009
CHEMBL3950866,CNC(=O)N1C2C=C(c3[nH]c4nccc5c4c3CN(C)c3ccc(F)cc3-5)CC1CCC2,83,nM,7.080921908
CHEMBL3926650,CN(C)C(=O)CN1C2C=C(c3[nH]c4nccc5c4c3CN(C)c3ccc(F)cc3-5)CC1CCC2,110,nM,6.958607315
CHEMBL3903886,CN1Cc2c(C3=CC4CCCC(C3)N4C(=O)CC#N)[nH]c3nccc(c23)-c2cc(F)ccc21,44,nM,7.356547324
CHEMBL3907123,CN(CCO)C(=O)CN1C2C=C(c3[nH]c4nccc5c4c3CN(C)c3ccc(F)cc3-5)CC1CCC2,86,nM,7.065501549
CHEMBL3969304,CN1Cc2c(C3=CC4CCCC(C3)N4CC(=O)N3CCC[C@H]3CO)[nH]c3nccc(c23)-c2cc(F)ccc21,57,nM,7.244125144
CHEMBL3941567,CN1Cc2c(C3=CC4CCCC(C3)N4CC(=O)N3CC(O)C3)[nH]c3nccc(c23)-c2cc(F)ccc21,98,nM,7.008773924
CHEMBL3897049,CN1Cc2c(C3=CC4CCCC(C3)N4CC(=O)N(C)C3CC(O)C3)[nH]c3nccc(c23)-c2cc(F)ccc21,66,nM,7.180456064
CHEMBL3921585,CN(CC(O)CO)C(=O)CN1C2C=C(c3[nH]c4nccc5c4c3CN(C)c3ccc(F)cc3-5)CC1CCC2,110,nM,6.958607315
CHEMBL3965251,CN1Cc2c(C3=CC4CCCC(C3)N4CC(=O)O)[nH]c3nccc(c23)-c2cc(F)ccc21,110,nM,6.958607315
CHEMBL3912612,CN1Cc2c(C3=CCN(CC(=O)N(C)C4CC(O)C4)CC3)[nH]c3ncc(F)c(c23)-c2cc(F)ccc21,43,nM,7.366531544
CHEMBL3911547,CN(CC(O)CO)C(=O)CN1CC=C(c2[nH]c3ncc(F)c4c3c2CN(C)c2ccc(F)cc2-4)CC1,45,nM,7.346787486
CHEMBL3891725,CN1Cc2c(C3=CCN(CC(=O)O)CC3(C)C)[nH]c3nccc(c23)-c2cc(F)ccc21,1600,nM,5.795880017
CHEMBL3900733,CN1Cc2c(C3=CCCN(CC(=O)O)C3)[nH]c3nccc(c23)-c2cc(F)ccc21,240,nM,6.619788758
CHEMBL3978141,CN1Cc2c(C3=CCN(S(C)(=O)=O)CC3(C)C)[nH]c3nccc(c23)-c2cc(F)ccc21,650,nM,6.187086643
CHEMBL3952495,CN(C)C(=O)CN1CC=C(c2[nH]c3nccc4c3c2CN(C)c2ccc(F)cc2-4)C(C)(C)C1,870,nM,6.060480747
CHEMBL3960117,CN1Cc2c(C3=CCN(CC(=O)N4CCC[C@H]4CO)CC3(C)C)[nH]c3nccc(c23)-c2cc(F)ccc21,950,nM,6.022276395
CHEMBL3922076,CN(CCO)C(=O)CN1CC=C(c2[nH]c3nccc4c3c2CN(C)c2ccc(F)cc2-4)C(C)(C)C1,890,nM,6.050609993
CHEMBL3894072,CN1Cc2c(C3=CCN(CC(=O)N4CC(O)C4)CC3(C)C)[nH]c3nccc(c23)-c2cc(F)ccc21,960,nM,6.017728767
CHEMBL3943576,CN1Cc2c(C3=CCN(CC(=O)N(C)C4CC(O)C4)CC3(C)C)[nH]c3nccc(c23)-c2cc(F)ccc21,1200,nM,5.920818754
CHEMBL3944510,CN(CC(O)CO)C(=O)CN1CC=C(c2[nH]c3nccc4c3c2CN(C)c2ccc(F)cc2-4)C(C)(C)C1,1300,nM,5.886056648
CHEMBL3963396,CN1Cc2c(C3=CCCN(CC(=O)N4CCC[C@H]4CO)C3)[nH]c3nccc(c23)-c2cc(F)ccc21,480,nM,6.318758763
CHEMBL3906050,CN1Cc2c(C3=CCCN(CC(=O)N4CC(O)C4)C3)[nH]c3nccc(c23)-c2cc(F)ccc21,160,nM,6.795880017
CHEMBL3969125,CN1Cc2c(C3=CCCN(CC(=O)N(C)C4CC(O)C4)C3)[nH]c3nccc(c23)-c2cc(F)ccc21,420,nM,6.37675071
CHEMBL3935996,CN(CC(O)CO)C(=O)CN1CCC=C(c2[nH]c3nccc4c3c2CN(C)c2ccc(F)cc2-4)C1,540,nM,6.26760624
CHEMBL3958069,CN1Cc2c(C3=CCN([C@H]4CC[C@@H](CC(=O)O)CC4)CC3)[nH]c3nccc(c23)-c2cc(F)ccc21,48,nM,7.318758763
CHEMBL3930577,CN1Cc2c(C3=C[C@@H]4COC(=O)N4CC3)[nH]c3nccc(c23)-c2cc(F)c(F)cc21,54,nM,7.26760624
CHEMBL3982368,CN1Cc2c(C3=C[C@H](CO)NCC3)[nH]c3nccc(c23)-c2cc(F)c(F)cc21,58,nM,7.236572006
CHEMBL3957008,CN1CCc2c(C3=CCNCC3)[nH]c3nccc(c23)-c2cc(F)ccc21,26,nM,7.585026652
CHEMBL3974363,CN1CCc2c(C3=CCN(S(C)(=O)=O)CC3)[nH]c3nccc(c23)-c2cc(F)ccc21,78,nM,7.107905397
CHEMBL3944945,CN(C)C(=O)CN1CC=C(c2[nH]c3nccc4c3c2CCN(C)c2ccc(F)cc2-4)CC1,67,nM,7.173925197
CHEMBL3976427,CN1Cc2c(C3=CCN([C@H]4CC[C@H](CC(=O)O)CC4)CC3)[nH]c3nccc(c23)-c2cc(F)ccc21,64,nM,7.193820026
CHEMBL3973391,CN1Cc2c(C3=CCN(S(C)(=O)=O)CC3)[nH]c3nccc(c23)-c2cc(F)c(F)cc21,36,nM,7.443697499
CHEMBL3931677,CN(C)C(=O)CN1CC=C(c2[nH]c3nccc4c3c2CN(C)c2cc(F)c(F)cc2-4)CC1,40,nM,7.397940009
CHEMBL3944130,COC(=O)CC1CCC(N2CC=C(c3[nH]c4nccc5c4c3CN(C)c3cc(F)c(F)cc3-5)CC2)CC1,58,nM,7.236572006
CHEMBL3970239,CN1Cc2c(C3=CCNCC3)[nH]c3nccc(c23)-c2cccnc21,63,nM,7.200659451
CHEMBL3917273,CN1Cc2c(C3=CCN([C@H]4CC[C@@H](CC(=O)O)CC4)CC3)[nH]c3nccc(c23)-c2cc(F)c(F)cc21,58,nM,7.236572006
CHEMBL3945173,CN1Cc2c(C3=CCN(CC(=O)N4CC(O)C4)CC3)[nH]c3nccc(c23)-c2cc(F)c(F)cc21,52,nM,7.283996656
CHEMBL3922725,CN1Cc2c(C3=CCN(S(C)(=O)=O)CC3)[nH]c3nccc(c23)-c2cccnc21,69,nM,7.161150909
CHEMBL3953907,CNC(=O)N1CC=C(c2[nH]c3nccc4c3c2CN(C)c2ncccc2-4)CC1,94,nM,7.026872146
CHEMBL3923934,CN1Cc2c(C3=CCN(C4CC(CC(=O)O)C4)CC3)[nH]c3nccc(c23)-c2cc(F)ccc21,42,nM,7.37675071
CHEMBL3951638,CN1Cc2c(C3=CCN([C@H]4CC[C@H](C(=O)O)CC4)CC3)[nH]c3nccc(c23)-c2cc(F)ccc21,51,nM,7.292429824
CHEMBL3923572,CC[C@H]1c2c(C3=CCNCC3)[nH]c3nccc(c23)-c2cc(F)ccc2N1C,30,nM,7.522878745
CHEMBL3932161,CC[C@@H]1c2c(C3=CCNCC3)[nH]c3nccc(c23)-c2cc(F)ccc2N1C,417,nM,6.379863945
CHEMBL3970723,CN1Cc2c(C3=CCNCC3)[nH]c3nccc(c23)-c2cc(F)c(F)cc21,29,nM,7.537602002
CHEMBL3937675,CN1Cc2c(C3=CCN(CC(=O)O)CC3)[nH]c3nccc(c23)-c2cc(F)c(F)cc21,42,nM,7.37675071
CHEMBL3975804,CN1Cc2c(C3=CCN([C@H]4CC[C@H](CC(=O)O)CC4)CC3)[nH]c3nccc(c23)-c2cc(F)c(F)cc21,82,nM,7.086186148
CHEMBL3946513,CN1Cc2c(C3=CCN(CC(=O)N4CCC[C@H]4CO)CC3)[nH]c3nccc(c23)-c2cc(F)c(F)cc21,45,nM,7.346787486
CHEMBL3983849,CN1Cc2c(C3=CCN(CC(=O)N(C)C4CC(O)C4)CC3)[nH]c3nccc(c23)-c2cc(F)c(F)cc21,53,nM,7.27572413
CHEMBL3958592,CN(C)C(=O)CN1CC=C(c2[nH]c3nccc4c3c2CN(C)c2ncccc2-4)CC1,110,nM,6.958607315
CHEMBL3952127,CN1Cc2c(C3=CCN([C@H]4CC[C@H](C(=O)O)CC4)CC3)[nH]c3nccc(c23)-c2cc(F)c(F)cc21,57,nM,7.244125144
CHEMBL3924439,CN1Cc2c(C3=C[C@@H]4COC(=O)N4CC3)[nH]c3nccc(c23)-c2cc(F)ccc21,37,nM,7.431798276
CHEMBL3905946,CN1Cc2c(C3=C[C@H]4COC(=O)N4CC3)[nH]c3nccc(c23)-c2cc(F)ccc21,41,nM,7.387216143
CHEMBL3937521,CN1Cc2c(C3=CCN4C(=O)OC[C@H]4C3)[nH]c3nccc(c23)-c2cc(F)ccc21,66,nM,7.180456064
CHEMBL3955479,CN1Cc2c(C3=C[C@H](CO)NCC3)[nH]c3nccc(c23)-c2cc(F)ccc21,28,nM,7.552841969
CHEMBL3928730,CN1Cc2c(C3=C[C@@H](CO)NCC3)[nH]c3nccc(c23)-c2cc(F)ccc21,41,nM,7.387216143
CHEMBL3927462,CN1Cc2c(C3=CCN[C@@H](CO)C3)[nH]c3nccc(c23)-c2cc(F)ccc21,30,nM,7.522878745
CHEMBL3951656,CN(CCO)C(=O)CN1CC=C(c2[nH]c3nccc4c3c2CN(C)c2cc(F)c(F)cc2-4)CC1,46,nM,7.337242168
CHEMBL3914925,CN1Cc2c(C3=CCNCC3)[nH]c3nccc(c23)-c2ccccc21,96,nM,7.017728767
CHEMBL3942903,CN1Cc2c(C3=CCNCC3)[nH]c3ncc(F)c(c23)-c2ccccc21,34,nM,7.468521083
CHEMBL3898182,CN1Cc2c(C3=CCN(S(C)(=O)=O)CC3)[nH]c3nccc(c23)-c2ccccc21,85,nM,7.070581074
CHEMBL3929697,CN1Cc2c(C3=CCN(S(C)(=O)=O)CC3)[nH]c3ncc(F)c(c23)-c2ccccc21,40,nM,7.397940009
CHEMBL3933205,CN(C)C(=O)CN1CC=C(c2[nH]c3nccc4c3c2CN(C)c2ccccc2-4)CC1,115,nM,6.93930216
CHEMBL3908787,CN(C)C(=O)CN1CC=C(c2[nH]c3ncc(F)c4c3c2CN(C)c2ccccc2-4)CC1,56,nM,7.251811973
CHEMBL3924252,OCC(O)CN1CC=C(c2[nH]c3nccc4c3c2COc2ccc(F)cc2-4)CC1,130,nM,6.886056648
CHEMBL3896241,O=C(O)CC1CCC(N2CC=C(c3[nH]c4nccc5c4c3COc3ccc(F)cc3-5)CC2)CC1,390,nM,6.408935393
CHEMBL3918837,CN1Cc2c(C3=CCN([C@H]4CC[C@H](C(=O)O)CC4)CC3)[nH]c3ncc(F)c(c23)-c2cc(F)ccc21,75,nM,7.124938737
CHEMBL3915400,CN1Cc2c(C3=CCN([C@H]4CC[C@H](CC(=O)O)CC4)CC3)[nH]c3ncc(F)c(c23)-c2cc(F)ccc21,67,nM,7.173925197
CHEMBL3937985,CC[C@H]1c2c(C3=CCN(CC(=O)N(C)C)CC3)[nH]c3nccc(c23)-c2cc(F)ccc2N1C,60,nM,7.22184875
CHEMBL3910044,CN1Cc2c(C3=CCN([C@H]4CC[C@H](CC(=O)O)CC4)CC3)[nH]c3nccc(c23)-c2ccccc21,90,nM,7.045757491
CHEMBL3925516,CN1Cc2c(C3=CCN([C@H]4CC[C@@H](CC(=O)O)CC4)CC3)[nH]c3nccc(c23)-c2ccccc21,110,nM,6.958607315
CHEMBL3900994,CN1Cc2c(C3=CCN([C@H]4CC[C@H](C(=O)O)CC4)CC3)[nH]c3nccc(c23)-c2ccccc21,150,nM,6.823908741
CHEMBL3892893,CN1Cc2c(C3=CCN(C4CCC(C(=O)O)CC4)CC3)[nH]c3nccc(c23)-c2ccccc21,120,nM,6.920818754
CHEMBL3920906,CN1Cc2c(C3=CCN(C4CCC(=CC#N)CC4)CC3)[nH]c3nccc(c23)-c2cc(F)ccc21,45,nM,7.346787486
CHEMBL3898302,COC(=O)C(C)=C1CCC(N2CC=C(c3[nH]c4nccc5c4c3CN(C)c3ccc(F)cc3-5)CC2)CC1,57,nM,7.244125144
CHEMBL3901731,CN1Cc2c(C3=CCN(C4CCC(=CC(=O)OC(C)(C)C)CC4)CC3)[nH]c3nccc(c23)-c2cc(F)ccc21,120,nM,6.920818754
CHEMBL3977776,CC(C(=O)O)=C1CCC(N2CC=C(c3[nH]c4nccc5c4c3CN(C)c3ccc(F)cc3-5)CC2)CC1,84,nM,7.075720714
CHEMBL3907184,CN1Cc2c(C3=CCN(C4CCC(=CC(=O)O)CC4)CC3)[nH]c3nccc(c23)-c2cc(F)ccc21,58,nM,7.236572006
CHEMBL3891660,CN1Cc2c(C3=CCN(CCS(=O)(=O)N(C)C)CC3)[nH]c3nccc(c23)-c2cc(F)ccc21,25,nM,7.602059991
CHEMBL3916153,CN1Cc2c(C3=CCN(CCS(N)(=O)=O)CC3)[nH]c3nccc(c23)-c2cc(F)ccc21,24,nM,7.619788758
CHEMBL3954215,CN1Cc2c(C3=CCN([C@H]4CC[C@H](CC(=O)O)CC4)CC3)[nH]c3ncc(F)c(c23)-c2ccccc21,73,nM,7.13667714
CHEMBL3982885,CN1Cc2c(C3=CCN([C@H]4CC[C@H](C(=O)O)CC4)CC3)[nH]c3ncc(F)c(c23)-c2ccccc21,63,nM,7.200659451
CHEMBL3892177,CN1Cc2c(C3=CCN([C@H]4CC[C@@H](CC(=O)O)CC4)CC3)[nH]c3ncc(F)c(c23)-c2ccccc21,71,nM,7.148741651
CHEMBL3961156,CN1Cc2c(C3=CCN([C@H]4CC[C@@H](C(=O)O)CC4)CC3)[nH]c3ncc(F)c(c23)-c2ccccc21,80,nM,7.096910013
CHEMBL3901136,CN1Cc2c(C3=CCCN(C4CCC(=CC(=O)O)CC4)CC3)[nH]c3nccc(c23)-c2cc(F)ccc21,130,nM,6.886056648
CHEMBL3975453,CN1Cc2c(C3=CCN(C4CCC(C(C)(C)C(=O)O)CC4)CC3)[nH]c3nccc(c23)-c2cc(F)ccc21,130,nM,6.886056648
CHEMBL3976415,CC[C@H]1c2c(C3=CCN([C@H]4C[C@@H](C(=O)OC)C4)CC3)[nH]c3nccc(c23)-c2cc(F)ccc2N1C,64,nM,7.193820026
CHEMBL3947123,CC[C@H]1c2c(C3=CCN([C@H]4C[C@@H](C(=O)O)C4)CC3)[nH]c3nccc(c23)-c2cc(F)ccc2N1C,110,nM,6.958607315
CHEMBL3984474,CN1CCc2c(C3=CCN([C@H]4C[C@@H](C(=O)O)C4)CC3)[nH]c3nccc(c23)-c2cc(F)ccc21,150,nM,6.823908741
CHEMBL3952466,CC[C@H]1c2c(C3=CCN([C@H]4C[C@H](C(=O)O)C4)CC3)[nH]c3nccc(c23)-c2cc(F)ccc2N1C,110,nM,6.958607315
CHEMBL3899896,CN1CCc2c(C3=CCN([C@H]4C[C@H](C(=O)O)C4)CC3)[nH]c3nccc(c23)-c2cc(F)ccc21,160,nM,6.795880017
CHEMBL3971069,CN1Cc2c(C3=CCN(C4CCC(C(C#N)C(=O)O)CC4)CC3)[nH]c3nccc(c23)-c2cc(F)ccc21,88,nM,7.055517328
CHEMBL3966523,CN1Cc2c(C3=CCN(C4CC(CC(=O)O)C4)CC3)[nH]c3ncc(F)c(c23)-c2cc(F)ccc21,79,nM,7.102372909
CHEMBL3891658,CN1Cc2c(C3=CCN(C4CC(C(=O)O)C4)CC3)[nH]c3ncc(F)c(c23)-c2cc(F)ccc21,76,nM,7.119186408
CHEMBL2006765,CCCNC(=O)c1ccc(Nc2nc(NCC(F)(F)F)c3cc[nH]c3n2)cc1,5330,nM,5.273272791
CHEMBL4078893,FC(F)(F)CNc1nc(Nc2ccc(N3CCOCC3)c(Cl)c2)nc2ccoc12,10000,nM,5
CHEMBL4066664,FC(F)(F)CNc1nc(Nc2ccc3cn[nH]c3c2)nc2ccoc12,10000,nM,5
CHEMBL4069365,CC1(C)OCC(=O)Nc2cc(Nc3nc(NCC(F)(F)F)c4occc4n3)ccc21,10000,nM,5
CHEMBL4062803,Cc1n[nH]c2cc(Nc3nc(NC4CC4)c4occc4n3)ccc12,10000,nM,5
CHEMBL4083249,C[C@@H](c1ccc(F)cc1)n1nnc2cnc3ccc(-c4ccc5ocnc5c4)cc3c21,1430,nM,5.844663963
CHEMBL490355,O=C1/C(=C/c2ccc(O)c(O)c2)Oc2cc(O)ccc21,2160,nM,5.665546249
CHEMBL4082469,CSc1sc(C(N)=O)c2c1-c1sncc1CC2,4,nM,8.397940009
CHEMBL4066819,COCCNC(=O)c1ccc(Oc2sc(C(N)=O)c3c2-c2sncc2CC3)cn1,270,nM,6.568636236
CHEMBL4084410,Clc1ccnc2[nH]c(-c3ccc(N4CCNCC4)cc3)cc12,20,nM,7.698970004
CHEMBL4102376,Cn1c(-c2ccc(N3CCNCC3)cc2)cc2c(Cl)ccnc21,5000,nM,5.301029996
CHEMBL4074103,N#Cc1ccnc2[nH]c(-c3ccc(N4CCNCC4)cc3)cc12,150,nM,6.823908741
CHEMBL4094627,Cn1c(-c2ccc(N3CCNCC3)cc2)cc2c(C#N)ccnc21,6100,nM,5.214670165
CHEMBL4206957,CN1CCN(CCCCOc2c(OCc3ccc(C#N)cc3)cc(O)c3c(=O)cc(-c4ccccc4)oc23)CC1,870,nM,6.060480747
CHEMBL4225966,Cc1c(Br)c(Br)c2c3c1nc(N1CCNCC1)n3CCC2,1070,nM,5.970616222
CHEMBL4294976,CCOc1ccccc1CNc1nc(C)nc2[nH]cc(-c3ccnc(N)c3)c12,10,nM,8
CHEMBL445813,O=C(NC1CCNCC1)c1n[nH]cc1NC(=O)c1c(Cl)cccc1Cl,10,nM,8
CHEMBL4286578,COc1cc(F)ccc1-c1ncnc(Nc2cccc(CS(C)(=N)=O)c2)n1,385,nM,6.41453927
CHEMBL4292930,Cc1cnn2c(NCc3ccc[n+]([O-])c3)cc(N3CCCC[C@@H]3CCO)nc12,4,nM,8.397940009
CHEMBL4582624,COC(=O)N1CCN([C@H]2CC[C@H](Nc3nc(Nc4cnn(C)c4)nc4ccc(CC#N)nc34)CC2)CC1,13000,nM,4.886056648
CHEMBL4455718,COC(=O)N1CCN([C@H]2CC[C@H](Nc3ncnc4ccc(C#N)cc34)CC2)CC1,370,nM,6.431798276
CHEMBL4439395,O=C(Cc1ccc(-c2ccccc2)cc1)Nc1cc(C2CCC2)[nH]n1,911,nM,6.040481623
CHEMBL4521241,Cc1cc(=O)c2c(O)cc(O)c([C@@H]3CCN(C)C[C@@H]3O)c2o1,300,nM,6.522878745
CHEMBL4579344,Cc1cc(C)c(CNc2nc(N[C@@H](C)[C@@H](C)O)nc3c2ncn3C(C)C)cn1,26,nM,7.585026652
CHEMBL14762,CC[C@H](CO)Nc1nc(NCc2ccccc2)c2ncn(C(C)C)c2n1,230,nM,6.638272164
CHEMBL3301610,CCN1CCN(Cc2ccc(Nc3ncc(F)c(-c4cc(F)c5nc(C)n(C(C)C)c5c4)n3)nc2)CC1,57,nM,7.244125144
CHEMBL3905910,CN1CC[C@@H](c2c(O)cc(O)c3c(=O)cc(-c4ccc(C(F)(F)F)cc4Cl)oc23)[C@@H]1CO,100,nM,7
CHEMBL4079206,CN1CC[C@H](c2c(O)cc(O)c3c(=O)cc(/C=C/c4c(Cl)cccc4Cl)oc23)[C@H](O)C1,1.9,nM,8.721246399
CHEMBL4459754,CC(C)c1cnn2c(NCc3ccccc3)cc(NC[C@@H]3CCNC[C@H]3O)nc12,1100,nM,5.958607315
CHEMBL4454044,CC(C)c1cnn2c(NCc3ccccc3N(C)C)nc(OC3CCN(C)CC3)nc12,7450,nM,5.127843727
CHEMBL4562323,CC(C)c1cnn2c(NCc3ccccc3-n3cccn3)nc(OC3CCCNC3)nc12,1711,nM,5.76674999
CHEMBL4552441,CC(C)c1cnn2c(NCc3cccc4[nH]ncc34)nc(OC3CCCNC3)nc12,50,nM,7.301029996
CHEMBL4440386,CC(C)c1cnn2c(NCc3cccc4c3cnn4C)nc(OC3CCCNC3)nc12,50,nM,7.301029996
CHEMBL4555799,Clc1cnc(N[C@H]2CCCNC2)nc1-c1c[nH]c2ccccc12,200,nM,6.698970004
CHEMBL4533453,Clc1cnc(N[C@@H]2CCCNC2)nc1-c1c[nH]c2ccccc12,200,nM,6.698970004
CHEMBL4474655,FC(F)(F)c1cnc(N[C@H]2CCCNC2)nc1-c1n[nH]c2ccccc12,20,nM,7.698970004
CHEMBL4465061,Clc1cnc(NC2CCCCC2)nc1-c1c[nH]c2cccnc12,20,nM,7.698970004
CHEMBL4303287,CN(C)C/C=C/C(=O)Nc1cccc(C(=O)Nc2cccc(Nc3ncc(Cl)c(-c4c[nH]c5ccccc45)n3)c2)c1,134,nM,6.872895202
CHEMBL4462530,CC(=O)N[C@@H]1CCC[C@H](C(=O)Nc2cc(-c3cnn4c3CC(C)(C)C4)c(Cl)cn2)C1,4,nM,8.397940009
CHEMBL4453878,COC(=O)Nc1nc2cc(Sc3nnc4ccc(-c5ccc(F)cc5)nn34)ccc2[nH]1,10000,nM,5
CHEMBL4448572,COCCNC(=O)Nc1nc2cc(OS(=O)(=O)c3c(F)cccc3F)ccc2[nH]1,6,nM,8.22184875
CHEMBL4538461,COC(=O)Nc1nc2cc(OS(=O)(=O)c3c(Cl)cccc3Cl)ccc2[nH]1,1200,nM,5.920818754
CHEMBL4297488,CC(C)c1cnn2c(NCc3ccccc3)cc(NC[C@H]3CCNC[C@@H]3O)nc12,1200,nM,5.920818754
CHEMBL4635959,Cc1cc(NC2CCN(C(=O)O[C@H]3CCN(C(=O)/C=C/CN(C)C)C3)CC2)n2ncc(C(C)C)c2n1,6320,nM,5.199282922
CHEMBL4582951,CN(C)C/C=C/C(=O)Nc1ccc(C(=O)N[C@@]2(C)CCC[C@@H](Nc3ncc(Cl)c(-c4c[nH]c5ccccc45)n3)C2)nc1,914,nM,6.039053804
CHEMBL4450322,C=CC(=O)Nc1ccc(C(=O)Nc2[nH]nc3c2CN(C(=O)N[C@H](CN(C)C)c2ccccc2)C3(C)C)cc1,3020,nM,5.519993057
CHEMBL4434871,C=CC(=O)Nc1ccc(C(=O)Nc2cccc(Nc3n[nH]c4c3CN(C(=O)N[C@H](CN(C)C)c3ccccc3)C4(C)C)c2)cc1,10000,nM,5
CHEMBL4649135,CCn1cnc2c(NCc3nc4ccc(F)c(F)c4[nH]3)nc(N3CCCC[C@H]3CCO)nc21,1090,nM,5.962573502
CHEMBL1615221,CC[C@@H](CO)Nc1nc(NCc2ccc(-c3ccccn3)cc2)c2ncn(C(C)C)c2n1,110,nM,6.958607315
CHEMBL4648857,CN(C)C/C=C/C(=O)Nc1ccc(C(=O)N2CCC[C@H](Nc3ncc(Cl)c(-c4c[nH]c5ccccc45)n3)C2)cc1,10500,nM,4.978810701
CHEMBL319467,NS(=O)(=O)c1ccc(Nc2nc(OCC3CCCCC3)c3nc[nH]c3n2)cc1,1100,nM,5.958607315
CHEMBL4754081,CC(=O)N[C@@H]1CCC[C@H](C(=O)Nc2cc(-c3cnn4c3CC(C)(C)C4)c(F)cn2)C1,3000,nM,5.522878745
CHEMBL4754399,CC(=O)N[C@@H]1CCC[C@H](C(=O)Nc2cc(-c3cnn4c3CCCC4)c(Cl)cn2)C1,3000,nM,5.522878745
CHEMBL4792521,CC(=O)N[C@@H]1CCC[C@H](C(=O)Nc2cc(-c3cn[nH]c3CC(C)(C)CO)c(Cl)cn2)C1,2300,nM,5.638272164
CHEMBL4747227,CC(=O)N[C@@H]1CCC[C@H](C(=O)Nc2cc(-c3cnn4c3CC(C)(C)C4O)c(Cl)cn2)C1,170,nM,6.769551079
CHEMBL4777517,CC(=O)N[C@@H]1CCC[C@H](C(=O)Nc2cc(-c3cn[nH]c3CCCCO)c(Cl)cn2)C1,2000,nM,5.698970004
CHEMBL4750372,CC(=O)N[C@@H]1CCC[C@H](C(=O)Nc2cc(-c3cnn4c3CCCC4O)c(Cl)cn2)C1,720,nM,6.142667504
CHEMBL4740254,CC1(C)Cc2c(-c3cc(NC(=O)[C@H]4C[C@@H](O)C4)ncc3Cl)cnn2C1,44,nM,7.356547324
CHEMBL4784117,CC(=O)N[C@@H]1CC[C@H](C(=O)Nc2cc(-c3cnn4c3CC(C)(C)C4)c(Cl)cn2)C1,40,nM,7.397940009
CHEMBL4759074,CC(=O)NC1CCCC(C(=O)Nc2cc(-c3cnn4c3CC(C)(C)C4)c(Cl)cn2)C1,49,nM,7.30980392
CHEMBL4798156,CC(=O)N[C@H]1CCC[C@@H](C(=O)Nc2cc(-c3cnn4c3CC(C)(C)C4)c(Cl)cn2)C1,310,nM,6.508638306
CHEMBL4749175,CC(=O)N[C@@H]1CCC[C@H](C(=O)Nc2cc(-c3cnc4n3CC(C)(C)C4)c(Cl)cn2)C1,36,nM,7.443697499
CHEMBL4753256,CC(=O)N[C@@H]1CCC[C@H](C(=O)Nc2cc(-c3cnn4c3CC(C)C4)c(Cl)cn2)C1,36,nM,7.443697499
CHEMBL4753076,CC(=O)N[C@@H]1CCC[C@H](C(=O)Nc2cc(-c3cnn4c3CC(C)(C)C4)c(C)cn2)C1,40,nM,7.397940009
CHEMBL4784363,CC(=O)N[C@@H]1CCC[C@H](C(=O)Nc2cc(-c3cnn4c3CC(C)(C)C4)c(C#N)cn2)C1,150,nM,6.823908741
CHEMBL4741063,CC(=O)N[C@@H]1CCC[C@H](C(=O)Nc2cc(-c3cnn4c3CC(C)(C)C4)ccn2)C1,150,nM,6.823908741
CHEMBL4752748,CC(=O)N[C@@H]1CCC[C@H](C(=O)Nc2cc(-c3cnn4c3CC(C)(C)CC4)c(F)cn2)C1,10,nM,8
CHEMBL4785242,CC(=O)N[C@@H]1CCC[C@H](C(=O)Nc2cc(-c3cnn4c3CC(C)(C)CC4)ccn2)C1,48,nM,7.318758763
CHEMBL4796500,CC(=O)N[C@@H]1CCC[C@H](C(=O)Nc2cc(-c3cnn4c3OCCC4)c(Cl)cn2)C1,350,nM,6.455931956
CHEMBL4750648,CC(=O)N[C@@H]1CCC[C@H](C(=O)Nc2cc(-c3cnn4c3NCCC4)c(Cl)cn2)C1,860,nM,6.065501549
CHEMBL4764361,CC(=O)N[C@@H]1CCC[C@H](C(=O)Nc2cc(-c3cnn4c3CN(C)CC4)c(Cl)cn2)C1,800,nM,6.096910013
CHEMBL4787309,CC(=O)N[C@@H]1CCC[C@H](C(=O)Nc2cc(-c3cnn4c3COCC4)c(Cl)cn2)C1,2100,nM,5.677780705
CHEMBL4786995,CC(=O)N[C@@H]1CCC[C@H](C(=O)Nc2cc(-c3cnn4c3CCCCC4)c(Cl)cn2)C1,92,nM,7.036212173
CHEMBL4756050,CC(=O)N[C@@H]1CCC[C@H](C(=O)Nc2cc(-c3cnc4n3CCC4)c(Cl)cn2)C1,760,nM,6.119186408
CHEMBL4788016,CC(=O)N[C@@H]1CCC[C@H](C(=O)Nc2cc(-c3cnn4c3CCC4)c(Cl)cn2)C1,530,nM,6.27572413
CHEMBL4764938,CC(=O)N[C@@H]1CCC[C@H](C(=O)Nc2cc(-c3nnn4ccccc34)c(Cl)cn2)C1,2600,nM,5.585026652
CHEMBL4765079,CC(=O)N[C@@H]1CCC[C@H](C(=O)Nc2cc(-c3cnc4ccccn34)c(Cl)cn2)C1,1600,nM,5.795880017
CHEMBL4799201,CC(=O)N[C@@H]1CCC[C@H](C(=O)Nc2cc(-c3cnc(C)n3C)c(Cl)cn2)C1,3000,nM,5.522878745
CHEMBL4789009,CC(=O)N[C@@H]1CCC[C@H](C(=O)Nc2cc(-c3cnc4n3CCCC4)c(Cl)cn2)C1,1200,nM,5.920818754
CHEMBL4759053,CC(=O)N[C@@H]1CCC[C@H](C(=O)Nc2cc(-c3cnn4ccccc34)c(Cl)cn2)C1,140,nM,6.853871964
CHEMBL4758821,CC(=O)N[C@@H]1CCC[C@H](C(=O)Nc2cc(-c3cnn(C)c3C)c(Cl)cn2)C1,440,nM,6.356547324
CHEMBL4751230,CC(=O)N[C@@H]1CCC[C@H](C(=O)Nc2cc(-c3cnn4c3CCCC4)c(F)cn2)C1,100,nM,7
CHEMBL4780912,CC(=O)N[C@@H]1CCC[C@H](C(=O)Nc2cc(-c3cnn4c3CCCC4)ccn2)C1,520,nM,6.283996656
CHEMBL4760601,CC(=O)N[C@@H]1CCC[C@H](C(=O)Nc2cc(-c3cnc(C)n3C(C)C)ccn2)C1,920,nM,6.036212173
CHEMBL4747992,NC(=O)c1sc(-c2ccnc(NC(=O)C3CC3)c2)nc1OCCCC1CCN(Cc2ccc(F)cc2)CC1,108.2,nM,6.965772739
CHEMBL4074015,C#Cc1nc(Nc2ccc(S(N)(=O)=O)cc2)nc2[nH]cnc12,41300,nM,4.384049948
CHEMBL4755256,COc1cc(F)ccc1-c1cc(NC(=O)[C@H]2CCC[C@@H](NC(C)=O)C2)ncc1Cl,96,nM,7.017728767
CHEMBL4594423,CN1CC[C@H](c2c(OP(=O)(O)O)cc(O)c3c(=O)cc(-c4ccccc4Cl)oc23)[C@H](O)C1,84,nM,7.075720714
CHEMBL4741442,C[C@H](CO)Nc1nc(Nc2ccc(S(N)(=O)=O)cc2)ncc1Br,5,nM,8.301029996
CHEMBL4442620,C[C@@H](O)[C@@H](C)Oc1nc(Nc2ccc(S(=N)(=O)C3CC3)cc2)ncc1C(F)(F)F,5,nM,8.301029996
CHEMBL4756595,COc1cc(F)ccc1-c1cc(Nc2cc(CS(C)(=N)=O)ccn2)ncc1F,3,nM,8.522878745
CHEMBL4761602,Nc1nc(C[C@H]2CC3CCC2C3)sc1C(=O)c1ccccc1[N+](=O)[O-],5,nM,8.301029996
CHEMBL4764173,CC[C@H](Nc1nc(NCc2ccccc2)c2ncn(C(C)C)c2n1)[C@@H](C)O,26,nM,7.585026652
CHEMBL4777981,COc1ccc(F)cc1-c1c(F)cnc2[nH]c(C3=CCN([C@H]4CC[C@H](C(=O)O)CC4)CC3)cc12,2.6,nM,8.585026652
CHEMBL4754326,COc1cccc(-c2ccnc(Nc3ccc4c(c3)N(C(C)C)[C@H](C)C(=O)N4C)n2)c1,126.4,nM,6.898252926
CHEMBL4796617,COc1ccc(-c2ccnc(Nc3ccc4c(c3)N(C(C)C)[C@H](C)C(=O)N4C)n2)cc1,31.7,nM,7.498940738
CHEMBL4741061,Cc1cccc(-c2ccnc(Nc3ccc4c(c3)N(C(C)C)[C@H](C)C(=O)N4C)n2)c1,195.8,nM,6.708187313
CHEMBL4740156,Cc1ccc(-c2ccnc(Nc3ccc4c(c3)N(C(C)C)[C@H](C)C(=O)N4C)n2)cc1,488.5,nM,6.311135432
CHEMBL4760844,CC(C)N1c2cc(Nc3nccc(-c4ccccc4N)n3)ccc2N(C)C(=O)[C@H]1C,39.2,nM,7.406713933
CHEMBL4755696,CC(C)N1c2cc(Nc3nccc(-c4cccc(N)c4)n3)ccc2N(C)C(=O)[C@H]1C,5.9,nM,8.229147988
CHEMBL4740586,CC(C)N1c2cc(Nc3nccc(-c4ccc(N)cc4)n3)ccc2N(C)C(=O)[C@H]1C,48.9,nM,7.310691141
CHEMBL4793212,COc1cc(F)ccc1-c1ccnc(Nc2ccc3c(c2)N(C(C)C)[C@H](C)C(=O)N3C)n1,46.9,nM,7.328827157
CHEMBL4755816,Cc1cc(F)ccc1-c1ccnc(Nc2ccc3c(c2)N(C(C)C)[C@H](C)C(=O)N3C)n1,578.2,nM,6.237921913
CHEMBL4764023,CNc1cccc(-c2ccnc(Nc3ccc4c(c3)N(C(C)C)[C@H](C)C(=O)N4C)n2)c1,22,nM,7.657577319
CHEMBL4786023,CCNc1cccc(-c2ccnc(Nc3ccc4c(c3)N(C(C)C)[C@H](C)C(=O)N4C)n2)c1,37.8,nM,7.4225082
CHEMBL4745398,CC(C)Nc1cccc(-c2ccnc(Nc3ccc4c(c3)N(C(C)C)[C@H](C)C(=O)N4C)n2)c1,50.9,nM,7.293282218
CHEMBL4798690,CC(C)N1c2cc(Nc3nccc(-c4cccc(NC5CCCC5)c4)n3)ccc2N(C)C(=O)[C@H]1C,121.9,nM,6.913996294
CHEMBL4761833,CC(C)N1c2cc(Nc3nccc(-c4cccc(NC5CCCCC5)c4)n3)ccc2N(C)C(=O)[C@H]1C,168.8,nM,6.772627558
CHEMBL4789072,Cc1c(N)cccc1-c1ccnc(Nc2ccc3c(c2)N(C(C)C)[C@H](C)C(=O)N3C)n1,182.9,nM,6.737786295
CHEMBL4749819,Cc1ccc(N)cc1-c1ccnc(Nc2ccc3c(c2)N(C(C)C)[C@H](C)C(=O)N3C)n1,151.2,nM,6.820448209
CHEMBL4758996,CC(C)N1c2cc(Nc3nccc(-c4cccc5c4CCCN5)n3)ccc2N(C)C(=O)[C@H]1C,67,nM,7.173925197
CHEMBL4798556,CC(C)N1c2cc(Nc3nccc(-c4cccc5[nH]ccc45)n3)ccc2N(C)C(=O)[C@H]1C,13.8,nM,7.860120914
CHEMBL4747648,CC(C)N1c2cc(Nc3nccc(-c4cccc5nn(C)cc45)n3)ccc2N(C)C(=O)[C@H]1C,110,nM,6.958607315
CHEMBL4756594,CC(C)N1c2cc(Nc3nccc(-c4cccc5cnccc45)n3)ccc2N(C)C(=O)[C@H]1C,79.8,nM,7.097997109
CHEMBL4752747,CC(C)N1c2cc(Nc3nccc(-c4cccc5ncccc45)n3)ccc2N(C)C(=O)[C@H]1C,81.6,nM,7.088309841
CHEMBL4762677,CC(C)N1c2cc(Nc3nccc(-c4ccnc5ccccc45)n3)ccc2N(C)C(=O)[C@H]1C,19.8,nM,7.70333481
CHEMBL4742169,CC(C)N1c2cc(Nc3nccc(-c4cncc5ccccc45)n3)ccc2N(C)C(=O)[C@H]1C,22.4,nM,7.649751982
CHEMBL4757918,CC(C)N1c2cc(Nc3ncc(F)c(-c4cncc5ccccc45)n3)ccc2N(C)C(=O)[C@H]1C,23.9,nM,7.621602099
CHEMBL4783301,CC(C)N1c2cc(Nc3ncc(Cl)c(-c4cncc5ccccc45)n3)ccc2N(C)C(=O)[C@H]1C,23,nM,7.638272164
CHEMBL4800119,Cc1cnc(Nc2ccc3c(c2)N(C(C)C)[C@H](C)C(=O)N3C)nc1-c1cncc2ccccc12,100,nM,7
CHEMBL4777761,C=CC(=O)Nc1cccc(C(=O)Nc2ncc(N3CCOCC3)s2)c1,10000,nM,5
CHEMBL4790868,C=CC(=O)Nc1cccc(C(=O)Nc2ncc(N3CCN(C)CC3)s2)c1,10000,nM,5
CHEMBL4749580,C=CC(=O)Nc1cccc(C(=O)Nc2ncc(N3CCN(CC)CC3)s2)c1,10000,nM,5
CHEMBL4763994,C=CC(=O)Nc1cccc(C(=O)Nc2ncc(N3CCN(C(=O)OC(C)(C)C)CC3)s2)c1,10000,nM,5
CHEMBL4743840,C=CC(=O)Nc1cccc(C(=O)Nc2ncc(N3CCC(N(C)C)CC3)s2)c1,10000,nM,5
CHEMBL4781539,C=CC(=O)Nc1ccc(C(=O)N2CCCC(Nc3ncc(SCc4ncc(C(C)(C)C)o4)s3)C2)cc1,98,nM,7.008773924
CHEMBL4793573,C=CC(=O)NC1CCC(C(=O)N2CCCC(Nc3ncc(SCc4ncc(C(C)(C)C)o4)s3)C2)CC1,22,nM,7.657577319
CHEMBL4776271,C=CC(=O)NC1CCN(C(=O)N2CCCC(Nc3ncc(SCc4ncc(C(C)(C)C)o4)s3)C2)CC1,182,nM,6.739928612
CHEMBL4746993,C=CC(=O)Nc1ccc(C(=O)N2CCCC(Nc3ncc(SCc4ncc(C(C)(C)C)o4)s3)C2)c(OC)c1,164,nM,6.785156152
CHEMBL4788401,C=CC(=O)Nc1ccc(O[C@@H]2CCC[C@@H](Nc3ncc(SCc4ncc(C(C)(C)C)o4)s3)C2)cc1,66.5,nM,7.177178355
CHEMBL4763202,C=CC(=O)Nc1ccc(C(=O)N2CCCC(Nc3ncc(CNc4cc(C(F)(F)F)c(Cl)cn4)s3)C2)cc1,10000,nM,5
CHEMBL4753350,C=CC(=O)Nc1ccc(C(=O)N2CCCC(Nc3ncc(/C=C/c4ncc(C(C)(C)C)o4)s3)C2)cc1,15.1,nM,7.821023053
CHEMBL4794338,C=CC(=O)Nc1ccc(C(=O)N2CCCC(Nc3ncc(CCc4ncc(C(C)(C)C)o4)s3)C2)cc1,10000,nM,5
CHEMBL4764719,C=CC(=O)Nc1ccc(C(=O)N2CCCC(Nc3ncc(COCc4ncc(C(C)(C)C)o4)s3)C2)cc1,10000,nM,5
CHEMBL4781334,C=CC(=O)Nc1ccc(C(=O)N2CCCC(Nc3ncc(CNCc4ncc(C(C)(C)C)o4)s3)C2)cc1,7140,nM,5.146301788
CHEMBL4756935,C=CC(=O)Nc1ccc(S(=O)(=O)N2CCCC(Nc3ncc(SCc4ncc(C(C)(C)C)o4)s3)C2)cc1,197,nM,6.705533774
CHEMBL4786324,C=CC(=O)Nc1ccc([S+]([O-])N2CCCC(Nc3ncc(SCc4cccnc4)s3)C2)cc1,1000,nM,6
CHEMBL4789890,C=CC(=O)Nc1ccc(C(=O)N2CCCC(Nc3ncc(SCc4ccccn4)s3)C2)cc1,1000,nM,6
CHEMBL4789917,C=CC(=O)Nc1ccc(C(=O)N2CCCC(Nc3ncc(SCc4cnc(C(F)(F)F)nc4)s3)C2)cc1,1000,nM,6
CHEMBL4744627,C=CC(=O)N1CCc2cc(S(=O)(=O)N3CCCC(Nc4ncc(SCc5ncc(C(C)(C)C)o5)s4)C3)ccc21,1570,nM,5.804100348
CHEMBL4752238,C=CC(=O)Nc1ccc(O[C@@H]2CCC[C@@H](Nc3ncc(SCc4ncc(C(C)(C)C)o4)s3)C2)c(C(F)(F)F)c1,298,nM,6.525783736
CHEMBL4643754,C=CC(=O)Nc1ccc(C(=O)N2CCC[C@@H](Nc3ncc(SCC4CCOCC4)s3)C2)cc1,1000,nM,6
CHEMBL4797288,C=CC(=O)Nc1ccc(C(=O)N2CCC[C@@H](Nc3ncc(SCc4cncnc4)s3)C2)cc1,7280,nM,5.137868621
CHEMBL4758168,CN(C)C/C=C/C(=O)Nc1ccc(C(=O)N2CC[C@@H](Nc3ncc(SCc4ncc(C(C)(C)C)o4)s3)C2)cc1,54.5,nM,7.263603498
CHEMBL4777844,CN(C)C/C=C/C(=O)N1CCC(C(=O)Nc2ncc(SCc3ncc(C(C)(C)C)o3)s2)CC1,0.495,nM,9.305394801
CHEMBL4641226,C=CC(=O)N1CCC(C(=O)Nc2ncc(SCc3ncc(C(C)(C)C)o3)s2)CC1,3.16,nM,8.500312917
CHEMBL4753717,CN(C)CC/C=C/C(=O)Nc1ccc(C(=O)N2CCCC(C(=O)Nc3ncc(SCc4ncc(C(C)(C)C)o4)s3)C2)cc1,4.4,nM,8.356547324
CHEMBL4644893,C=CC(=O)Nc1ccc(C(=O)N2CCCC(C(=O)Nc3ncc(SCc4ncc(C(C)(C)C)o4)s3)C2)cc1,1.79,nM,8.747146969
CHEMBL4643057,C=CC(=O)Nc1cccc(C(=O)Nc2ncc(SCc3ncc(C(C)(C)C)o3)s2)c1,24.6,nM,7.609064893
CHEMBL4786429,CN(C)C/C=C/C(=O)Nc1cccc(C(=O)Nc2ncc(SCc3ncc(C(C)(C)C)o3)s2)c1,10.7,nM,7.970616222
CHEMBL4756353,CN(C)C/C=C/C(=O)Nc1ccc(C(=O)Nc2ncc(SCc3ncc(C(C)(C)C)o3)s2)cc1,8.9,nM,8.050609993
CHEMBL4797409,C=CC(=O)Nc1cccc(C(=O)N2CCCC(Nc3ncc(SCc4ncc(C(C)(C)C)o4)s3)C2)c1,198,nM,6.70333481
CHEMBL4752989,CN(C)C/C=C/C(=O)Nc1cccc(C(=O)N2CCCC(Nc3ncc(SCc4ncc(C(C)(C)C)o4)s3)C2)c1,177,nM,6.752026734
CHEMBL4761637,C=CC(=O)Nc1ccc(C(=O)Nc2cccc(C(=O)Nc3ncc(SCc4ncc(C(C)(C)C)o4)s3)c2)cc1,23.7,nM,7.625251654
CHEMBL4761001,CN(C)C/C=C/C(=O)Nc1ccc(C(=O)N2CCCC(Nc3ncc(SCc4ncc(C(C)(C)C)o4)s3)C2)cc1,65,nM,7.187086643
CHEMBL4744850,CN(C)C/C=C/C(=O)Nc1ccc(S(=O)(=O)N2CCCC(Nc3ncc(SCc4ncc(C(C)(C)C)o4)s3)C2)cc1,474,nM,6.324221658
CHEMBL4788136,C=CC(=O)Nc1ccc(C(=O)N2CC[C@@H](Nc3ncc(SCc4ncc(C(C)(C)C)o4)s3)C2)cc1,33,nM,7.48148606
CHEMBL4877117,Cn1cc(-n2cnc3c(NCc4nc5cc(Cl)c(Cl)cc5[nH]4)nc(N4CCOCC4)nc32)cn1,10000,nM,5
CHEMBL4850687,CC(=O)c1c(C)c2cnc(Nc3ccc(N4CCN(C(=O)CCl)CC4)cn3)nc2n(C2CCCC2)c1=O,1834,nM,5.736600669
CHEMBL4864688,O=C(CCCOc1ccc(CC(=O)Nc2cc(C3CCC3)[nH]n2)cc1)NCCCCNc1cccc2c1C(=O)N(C1CCC(=O)NC1=O)C2=O,530,nM,6.27572413
CHEMBL4846069,COc1ccc(CC(=O)Nc2cc(C3CCC3)[nH]n2)cc1,1080,nM,5.966576245
CHEMBL4855187,COc1ccc(F)cc1-c1ccnc2[nH]c(C3=CCC(C(=O)NS(C)(=O)=O)CC3)cc12,89,nM,7.050609993
CHEMBL4850143,CCOC(=O)NS(=O)(=O)N1CC=C(c2cc3c(-c4cc(F)ccc4OC)ccnc3[nH]2)CC1,25,nM,7.602059991
CHEMBL4872494,COc1ccc(F)cc1-c1ccnc2[nH]c(C3=CCC(NCC(=O)O)CC3)cc12,63,nM,7.200659451
CHEMBL4861217,COc1ccc(F)cc1-c1ccnc2[nH]c(C3=CCN([C@H]4CC[C@@H](C(=O)O)CC4)CC3)cc12,64,nM,7.193820026
CHEMBL4855780,COc1ccc(F)cc1-c1ccnc2[nH]c(C3=CCN([C@H]4CC[C@H](C(=O)O)CC4)CC3)cc12,83,nM,7.080921908
CHEMBL4851229,COc1ccc(F)cc1-c1c(F)cnc2[nH]c(C3=CCN([C@H]4CC[C@@H](C(=O)O)CC4)CC3)cc12,81,nM,7.091514981
CHEMBL4848653,COc1ccc(F)cc1-c1c(F)cnc2[nH]c(C3=CCN([C@H]4CC[C@@H](CC(=O)O)CC4)CC3)cc12,120,nM,6.920818754
CHEMBL4853678,COc1ccc(F)cc1-c1c(F)cnc2[nH]c(C3=CCN([C@H]4CC[C@H](CC(=O)O)CC4)CC3)cc12,100,nM,7
CHEMBL4878465,COc1ccc(F)cc1-c1ccnc2[nH]c(C3=CCC(N4CCC(C(=O)O)CC4)CC3)cc12,120,nM,6.920818754
CHEMBL4865444,COc1ccc(F)cc1-c1ccnc2[nH]c(C3=CCC(N4CCC(CC(=O)O)CC4)CC3)cc12,86,nM,7.065501549
CHEMBL4874984,COc1ccc(F)cc1-c1ccnc2[nH]c(C3=CCC(C4CCN(CC(=O)O)CC4)CC3)cc12,160,nM,6.795880017
CHEMBL4857987,COc1ccc(F)cc1-c1ccnc2[nH]c(C3=CCN(c4ccc(CC(=O)O)cc4)CC3)cc12,75,nM,7.124938737
CHEMBL4870276,COc1ccc(F)cc1-c1ccnc2[nH]c(C3=CCN(C4CCN(CC(=O)O)CC4)CC3)cc12,110,nM,6.958607315
CHEMBL4849746,COc1ccc(F)cc1-c1ccnc2[nH]c(C3=CCC(N4CCN(CC(=O)O)CC4)CC3)cc12,130,nM,6.886056648
CHEMBL4088216,CN1C(=O)[C@@H](N2CCc3cn(Cc4ccccc4)nc3C2=O)COc2ccccc21,1000,nM,6
CHEMBL4549667,CN1C(=O)[C@@H](N2CCc3c(nn(Cc4ccccc4)c3Br)C2=O)COc2ccccc21,1000,nM,6
CHEMBL4097778,CN1C(=O)[C@@H](N2CCc3cn(CC4CCS(=O)(=O)CC4)nc3C2=O)COc2ccccc21,1000,nM,6
CHEMBL5083646,COc1cc(/C=C2\S/C(=N/c3ccc(C)c(C)c3)NC2=O)ccc1OCc1ccc2ccccc2c1,10000,nM,5
CHEMBL5081341,COc1nc(C)nc2[nH]cc(-c3ccnc(N)c3)c12,4400,nM,5.356547324
CHEMBL5092245,COc1nc(C)nc2[nH]cc(-c3ccnc(C)c3)c12,10000,nM,5
CHEMBL5091510,Cc1nc(OCc2ccsc2)c2c(-c3ccnc(N)c3)c[nH]c2n1,1900,nM,5.721246399
CHEMBL5090159,Cc1nc(OCc2cc(C)on2)c2c(-c3ccnc(N)c3)c[nH]c2n1,10000,nM,5
CHEMBL5090676,Cc1nc(OCc2cncs2)c2c(-c3ccnc(N)c3)c[nH]c2n1,10000,nM,5
CHEMBL5081888,Cc1nc(OCc2ccccc2)c2c(-c3ccnc(N)c3)c[nH]c2n1,10000,nM,5
CHEMBL5092157,Cc1nc(NCc2ccccc2)c2c(-c3ccnc(N)c3)c[nH]c2n1,10000,nM,5
CHEMBL5082044,Cc1nc(NCc2cccs2)c2c(-c3ccnc(N)c3)c[nH]c2n1,10000,nM,5
CHEMBL5083159,Cc1nc(NCc2ccsc2)c2c(-c3ccnc(N)c3)c[nH]c2n1,10000,nM,5
CHEMBL5092828,Cc1nc(NCc2ccoc2)c2c(-c3ccnc(N)c3)c[nH]c2n1,10000,nM,5
CHEMBL5093650,Cc1nc(NCc2c(F)cccc2F)c2c(-c3ccnc(N)c3)c[nH]c2n1,10000,nM,5
CHEMBL5073598,Cc1nc(NCc2c(F)cccc2F)c2c(-c3ccnc(N)n3)c[nH]c2n1,10000,nM,5
CHEMBL5088687,Cc1nc(NCc2ncccc2F)c2c(-c3ccnc(N)c3)c[nH]c2n1,10000,nM,5
CHEMBL5078833,Cc1nc(-c2ccc3c(c2)OCO3)c2c(-c3ccnc(N)c3)c[nH]c2n1,10000,nM,5
CHEMBL4589249,COc1cc(F)ccc1-c1cc(Nc2cc(C[S@](C)(=N)=O)ccn2)ncc1F,6,nM,8.22184875
CHEMBL5092362,Nc1cc(-c2ccc3occc3c2)cc(N)n1,41,nM,7.387216143
CHEMBL5094822,Cc1cc2cc(-c3cc(N)nc(N)c3)ccc2o1,10000,nM,5
CHEMBL5090552,Nc1cc(-c2ccc3oc(Cl)cc3c2)cc(N)n1,5430,nM,5.26520017
CHEMBL5088553,Cc1nc2ccc(-c3cc(N)nc(N)c3)nc2n1C,1257,nM,5.900664722
CHEMBL5082456,CCCCn1c(C)nc2ccc(-c3cc(N)nc(N)c3)nc21,1244,nM,5.90517962
CHEMBL5092736,CCCCn1c(CC)nc2ccc(-c3cc(N)nc(N)c3)nc21,10000,nM,5
CHEMBL5091644,CCCCc1nc2ccc(-c3cc(N)nc(N)c3)nc2n1CCCC,3000,nM,5.522878745
CHEMBL5094409,Cc1nc2ccc(-c3cc(N)nc(N)c3)nc2n1C(C)(C)C,1837,nM,5.735890844
CHEMBL4460561,Cc1nc2ccc(-c3cc(N)nc(N)c3)nc2n1C1CC1,2149,nM,5.667763585
CHEMBL5084504,Cc1nc2ccc(-c3cc(N)nc(N)c3)nc2n1C1CCCC1,314,nM,6.503070352
CHEMBL5089294,COCCCn1c(C)nc2ccc(-c3cc(N)nc(N)c3)nc21,3027,nM,5.518987579
CHEMBL5072926,Cc1nc2ccc(-c3cc(N)nc(N)c3)nc2n1CCC1CCCCC1,470,nM,6.327902142
CHEMBL5073581,Cc1nc2ccc(-c3cc(N)nc(N)c3)nc2n1Cc1ccc(F)cc1,4575,nM,5.339608902
CHEMBL5073976,Cc1nc2ccc(-c3cc(N)nc(N)c3)nc2n1CCc1ccco1,1952,nM,5.709520187
CHEMBL5088511,Cc1nc2ccc(-c3cc(N)nc(N)c3)nc2n1CCOc1ccccc1,1019,nM,5.991825816
CHEMBL5077927,Cc1nc2ccc(-c3cc(N)nc(N)c3)nc2n1CC(F)F,5692,nM,5.244735109
CHEMBL5070553,Cc1nc2ccc(-c3cc(N)nc(N)c3)nc2n1CC(F)(F)F,5700,nM,5.244125144
CHEMBL5080497,Cc1nc2ccc(-c3cc(N)nc(N)c3)nc2n1CCCC(F)(F)F,1407,nM,5.851705903
CHEMBL5073869,Cc1oc2ccc(-c3cc(N)nc(N)c3)cc2c1C,8835,nM,5.053793446
CHEMBL4575900,Cc1nc2ccc(-c3cc(N)nc(N)c3)nc2n1C[C@@H](C)Oc1ccccc1,3000,nM,5.522878745
CHEMBL5071425,Cc1nc2ccc(-c3cc(N)nc(N)c3)nc2n1C[C@H](C)Oc1ccccc1,3000,nM,5.522878745
CHEMBL5077422,Cc1nc2ccc(-c3cc(N)nc(N)c3)nc2n1CCOc1ccccn1,881,nM,6.055024092
CHEMBL5092833,Cc1nc2ccc(-c3cc(N)nc(N)c3)nc2n1C[C@@H](C)Oc1ccccn1,3000,nM,5.522878745
CHEMBL5079873,Cc1nc2ccc(-c3cc(N)nc(N)c3)nc2n1C[C@H](C)Oc1ccccn1,3000,nM,5.522878745
CHEMBL5089171,Cc1nc2ccc(-c3cc(N)nc(N)c3)nc2n1CCOc1cccc(Br)n1,289,nM,6.539102157
CHEMBL5093661,Cc1nc2ccc(-c3cc(N)nc(N)c3)nc2n1CCOc1cccc(Cl)n1,222,nM,6.653647026
CHEMBL5084166,Cc1nc2ccc(-c3cc(N)nc(N)c3)nc2n1C[C@@H](C)Oc1cccc(Br)n1,467,nM,6.330683119
CHEMBL5170195,COc1cc(F)ccc1-c1ccnc2[nH]c(-c3ccc(CN4CCOCC4)cc3)cc12,3,nM,8.522878745
CHEMBL5191333,COc1cc(F)ccc1-c1ccnc2[nH]c(C3CCC(NC(C)=O)C3)nc12,47,nM,7.327902142
CHEMBL5192139,COc1cc(F)ccc1-c1ccnc2[nH]c(C3CCNCC3)nc12,57,nM,7.244125144
CHEMBL5173041,COc1cc(C(=O)N2CCCC2)ccc1-c1ccnc2[nH]c(-c3ccc(CN4CCOCC4)cc3)nc12,9,nM,8.045757491
CHEMBL5188442,COc1cc(F)ccc1-c1ccnc2[nH]c(-c3ccc(CN4CCOCC4)cc3)nc12,19,nM,7.721246399
CHEMBL5201044,O=C(c1ccc(-c2ccnc3[nH]c(-c4ccc(CN5CCOCC5)cc4)nc23)cc1)N1CCCC1,34,nM,7.468521083
CHEMBL5170524,COc1cc(C(=O)N2CCCC2)ccc1-c1ccnc2[nH]c(C3CCNCC3)cc12,3,nM,8.522878745
CHEMBL5197170,CC(C)n1cc(-c2ccnc3[nH]c(C4CCN(CC(=O)N5CCCCC5)CC4)cc23)ccc1=O,3,nM,8.522878745
CHEMBL5198038,CC(C)n1cc(-c2ccnc3[nH]c(C4CCN(CC(=O)N(C)C)CC4)cc23)ccc1=O,3,nM,8.522878745
CHEMBL5207871,CC(C)n1cc(-c2ccnc3[nH]c(C4CCN(CC(=O)N5CCCC5)CC4)cc23)ccc1=O,3,nM,8.522878745
CHEMBL5207813,CN(C)C(=O)CN1CCC(c2cc3c(-c4ccc(=O)n(C)c4)ccnc3[nH]2)CC1,10,nM,8
CHEMBL5209369,COc1cc(F)ccc1-c1ccnc2[nH]c([C@H]3CC[C@H](NC(C)=O)CC3)cc12,100,nM,7
CHEMBL5187219,COc1cc(F)ccc1-c1ccnc2[nH]c(C3CCOCC3)cc12,400,nM,6.397940009
CHEMBL5199352,COc1cc(C(=O)N2CCCC2)ccc1-c1ccnc2[nH]c(C3CCOCC3)cc12,57,nM,7.244125144
CHEMBL5173492,COc1cc(F)ccc1-c1ccnc2[nH]c(C3CCN(C(C)=O)CC3)cc12,84,nM,7.075720714
CHEMBL5207146,COc1cc(C(=O)N2CCCC2)ccc1-c1ccnc2[nH]c(C3CCN(C(C)=O)CC3)cc12,11,nM,7.958607315
CHEMBL5180640,COc1cc(F)ccc1-c1ccnc2[nH]c(C3CCN(CCO)CC3)cc12,3,nM,8.522878745
CHEMBL5192311,COc1cc(C(=O)N2CCCC2)ccc1-c1ccnc2[nH]c(C3CCN(CCO)CC3)cc12,4,nM,8.397940009
CHEMBL5195947,COc1cc(F)ccc1-c1ccnc2[nH]c(C3CCN(CC(=O)N(C)C)CC3)cc12,6,nM,8.22184875
CHEMBL5181709,Cc1nc2ccc(-c3ccnc4[nH]c(C5CCN(CC(=O)N(C)C)CC5)cc34)cc2n1C(C)C,3,nM,8.522878745
CHEMBL5175957,COc1cc(=O)n(C)cc1-c1ccnc2[nH]c(C3CCN(CC(=O)N(C)C)CC3)cc12,30000,nM,4.522878745
CHEMBL5176464,CCn1cc(-c2ccnc3[nH]c(C4CCN(CC(=O)N(C)C)CC4)cc23)ccc1=O,330,nM,6.48148606
CHEMBL5203694,CC(C)Cn1cc(-c2ccnc3[nH]c(C4CCN(CC(=O)N(C)C)CC4)cc23)ccc1=O,260,nM,6.585026652
CHEMBL5171361,COCCn1cc(-c2ccnc3[nH]c(C4CCN(CC(=O)N(C)C)CC4)cc23)ccc1=O,130,nM,6.886056648
CHEMBL5198372,CSCCn1cc(-c2ccnc3[nH]c(C4CCN(CC(=O)N(C)C)CC4)cc23)ccc1=O,11,nM,7.958607315
CHEMBL5192909,CN(C)C(=O)CN1CCC(c2cc3c(-c4ccc(=O)n(C5CCOCC5)c4)ccnc3[nH]2)CC1,1200,nM,5.920818754
CHEMBL5204939,CN(C)C(=O)CN1CCC(c2cc3c(-c4ccc(=O)n(CC5CCOCC5)c4)ccnc3[nH]2)CC1,4000,nM,5.397940009
CHEMBL5198594,CN(C)C(=O)CN1CCC(c2cc3c(-c4ccc(=O)n(CCC5CCOCC5)c4)ccnc3[nH]2)CC1,4500,nM,5.346787486
CHEMBL5169733,CN(C)C(=O)CN1CCC(c2cc3c(-c4ccc(=O)n(C5CCC5)c4)ccnc3[nH]2)CC1,70,nM,7.15490196
CHEMBL5204473,CC(C)n1nc(-c2ccnc3[nH]c(C4CCN(CC(=O)N(C)C)CC4)cc23)ccc1=O,8,nM,8.096910013
CHEMBL5179773,CC(C)n1cc(-c2ccnc3[nH]c(C4CCN(CC(=O)N(C)C)CC4)cc23)cnc1=O,4,nM,8.397940009
CHEMBL5177440,CNC(=O)CN1CCC(c2cc3c(-c4ccc(=O)n(C(C)C)c4)ccnc3[nH]2)CC1,10,nM,8
CHEMBL5192022,CC(C)n1cc(-c2ccnc3[nH]c(C4CCN(Cc5cccs5)CC4)cc23)ccc1=O,14,nM,7.853871964
CHEMBL5200778,CC(C)n1cc(-c2ccnc3[nH]c(C4CCN(CC(F)F)CC4)cc23)ccc1=O,160,nM,6.795880017
CHEMBL5181511,CC(=O)N1CCC(c2cc3c(-c4ccc(=O)n(C(C)C)c4)ccnc3[nH]2)CC1,39,nM,7.408935393
CHEMBL5191725,CC(C)n1cc(-c2ccnc3[nH]c(C4CCNCC4)cc23)ccc1=O,3,nM,8.522878745
CHEMBL5188909,CC(C)n1cnc2c(NCc3nc4ccc(F)c(F)c4[nH]3)nc(N3CCCC[C@H]3CCO)nc21,9090,nM,5.041436117
CHEMBL5193291,Cn1cc(-c2ccc(N(C(=O)NCc3ccccc3)C3CCC(Nc4ccc(C#N)cn4)CC3)cc2)ccc1=O,16000,nM,4.795880017
CHEMBL5169987,Fc1ccc(N2CCCCC2)c(NC(=S)c2ccncc2)c1,5800,nM,5.236572006
CHEMBL3263773,COc1ccccc1-c1cc(Nc2cccc(CS(N)(=O)=O)c2)ncn1,44,nM,7.356547324
CHEMBL3656841,COC[C@@H](C)N[C@H]1CC[C@H](Nc2cc(-c3cccc(NCC4(C#N)CCOCC4)n3)c(Cl)cn2)CC1,0.5,nM,9.301029996
CHEMBL5202522,Nc1nc(N[C@H]2CC3CCC2C3)sc1C(=O)c1ccccc1[N+](=O)[O-],5,nM,8.301029996
CHEMBL5190816,CN(C)C(=O)c1cc2cnc(Nc3ccc(-c4csc5c(=O)cc(N6CCOCC6)oc45)cc3)nc2n1C1CCCC1,2,nM,8.698970004
CHEMBL3545083,COCCN1CCN(Cc2ccc(-c3n[nH]c4c3C(=O)c3c(NC(=O)NN5CCOCC5)cccc3-4)cc2)CC1,1,nM,9
CHEMBL5171657,CCc1cnn2c(NCc3ccc[n+]([O-])c3)cc(C3CCCC[C@H]3CCO)nc12,4,nM,8.397940009
CHEMBL5199065,CCC(CC)c1cc(N[C@H]2CC[C@H](N)C2)n2nccc2n1,6,nM,8.22184875
CHEMBL16171,COc1c(O)cc(O)c2c(=O)cc(-c3ccccc3)oc12,190,nM,6.721246399
CHEMBL4530229,O=C1CCC(N2C(=O)c3cccc(NC(=O)CCCCCCCn4cc(COc5c(O)cc(O)c6c(=O)cc(-c7ccccc7)oc56)nn4)c3C2=O)C(=O)N1,523,nM,6.281498311
CHEMBL5287796,COc1cc(O)c2c(=O)cc(-c3ccc(N4CCN(C)CC4)cc3)oc2c1N1CCNCC1,30,nM,7.522878745
CHEMBL133342,CC[C@@H](CO)Nc1nc(NCc2ccccc2)c2ncn(C(C)C)c2n1,230,nM,6.638272164
CHEMBL4754493,Cn1ncc(-c2nc(N[C@H]3CC[C@H](N)CC3)ncc2Cl)c1CC1CC1,4,nM,8.397940009
CHEMBL5285499,CCCc1cc(N[C@@H]2CC[C@@H](N)C2)n2nccc2n1,50,nM,7.301029996
CHEMBL5287103,O=C1N=NC(=O)/C(=C/Nc2ccc(-c3nc4ncccc4[nH]3)cc2)C(=O)N1,500,nM,6.301029996
CHEMBL488436,Cc1ncc(-c2ccnc(Nc3ccc(S(C)(=O)=O)cc3)n2)n1C(C)C,20,nM,7.698970004
CHEMBL5273925,CC(C)(C)c1coc(CSc2cnc(NC(=O)C3CCNCC3)s2)n1,4,nM,8.397940009
CHEMBL3991935,CN1CC[C@@H](c2c(O)cc(O)c3c(=O)cc(-c4ccccc4Cl)oc23)[C@@H]1CO,20,nM,7.698970004
CHEMBL3904602,CC(C)N1CCN(c2ccc(Nc3ncc4cc5n(c4n3)C3(CCCCC3)CNC5=O)nc2)CC1,28,nM,7.552841969
CHEMBL5275774,O=C1N=NC(=O)/C(=C\Nc2ccc(-c3nc4ncccc4[nH]3)cc2)C(=O)N1,500,nM,6.301029996
CHEMBL269538,COc1ccc2c(c1)[nH]c1c(C)nccc12,720,nM,6.142667504
CHEMBL5288241,C=CC(=O)Nc1ccc(C(=O)Nc2n[nH]c3ccc(-c4cncc(NC[C@@H](O)c5ccccc5)c4)cc23)cc1,526,nM,6.279014256
CHEMBL4560679,COc1cc(F)ccc1-c1ncnc(Nc2cccc(C[S@@](C)(=N)=O)c2)n1,6,nM,8.22184875
CHEMBL5266005,CCc1cnn2c(NCc3ccc[n+]([O-])c3)cc(N3CCCC[C@@H]3CCO)nc12,4,nM,8.397940009
CHEMBL3940387,CC(C)c1c2cc(-c3ccnc(N[C@H]4CC[C@H](NC5CCOCC5)CC4)n3)ccc2nn1C,11,nM,7.958607315
CHEMBL5277376,CC(=O)c1c(C)c2cnc(Nc3ccc(N4CCN(C/C=C/C(F)(F)F)CC4)cn3)nc2n(C2CCCC2)c1=O,1000,nM,6
CHEMBL4860767,C=CC(=O)N1CCN(c2ccc(Nc3ncc4c(C)c(C(C)=O)c(=O)n(C5CCCC5)c4n3)nc2)CC1,1000,nM,6
CHEMBL5277470,CC(=O)c1c(C)c2cnc(Nc3ccc(N4CCN(C(=O)/C(C#N)=C/c5ccccc5)CC4)cn3)nc2n(C2CCCC2)c1=O,1000,nM,6
